country,country_code,year,school_enrollment_secondary_female_rate
Africa Eastern and Southern,AFE,2015.0,39.6892509460449
Afghanistan,AFG,2015.0,37.8227882385254
Africa Western and Central,AFW,2015.0,40.3699607849121
Albania,ALB,2015.0,99.0993228142471
Andorra,AND,2015.0,90.8539199829102
Arab World,ARB,2015.0,64.5253677368164
Argentina,ARG,2015.0,111.491546630859
Armenia,ARM,2015.0,86.1423797607422
Antigua and Barbuda,ATG,2015.0,119.018043518066
Australia,AUS,2015.0,147.584396362305
Austria,AUT,2015.0,99.7147521972656
Burundi,BDI,2015.0,42.5848131340896
Belgium,BEL,2015.0,174.837173461914
Benin,BEN,2015.0,46.0378799438477
Burkina Faso,BFA,2015.0,31.3499100869596
Bangladesh,BGD,2015.0,62.5832710266113
Bulgaria,BGR,2015.0,101.624610900879
Bahrain,BHR,2015.0,100.792652804599
"Bahamas, The",BHS,2015.0,77.0907578997387
Bosnia and Herzegovina,BIH,2015.0,87.665657043457
Belarus,BLR,2015.0,102.211121335612
Belize,BLZ,2015.0,82.8789389276581
Bermuda,BMU,2015.0,92.7939910888672
Bolivia,BOL,2015.0,89.9740673277194
Brazil,BRA,2015.0,103.670433044434
Barbados,BRB,2015.0,109.521759033203
Brunei Darussalam,BRN,2015.0,95.8460998535156
Bhutan,BTN,2015.0,92.4895401000977
Canada,CAN,2015.0,112.104141235352
Central Europe and the Baltics,CEB,2015.0,101.608428955078
Switzerland,CHE,2015.0,102.201698303223
Chile,CHL,2015.0,101.253883361816
Cote d'Ivoire,CIV,2015.0,37.982068610823
Cameroon,CMR,2015.0,55.5473133749889
"Congo, Dem. Rep.",COD,2015.0,32.7438697814941
Colombia,COL,2015.0,101.232261657715
Cabo Verde,CPV,2015.0,105.428949752596
Costa Rica,CRI,2015.0,117.688652038574
Caribbean small states,CSS,2015.0,89.8365783691406
Cuba,CUB,2015.0,97.5443944674153
Cyprus,CYP,2015.0,99.2361526489258
Czechia,CZE,2015.0,105.372566223145
Germany,DEU,2015.0,99.435302734375
Dominica,DMA,2015.0,92.5211486816406
Denmark,DNK,2015.0,136.163803100586
Dominican Republic,DOM,2015.0,83.8323050910617
East Asia & Pacific (excluding high income),EAP,2015.0,86.6689224243164
Early-demographic dividend,EAR,2015.0,71.9440231323242
East Asia & Pacific,EAS,2015.0,88.283332824707
Europe & Central Asia (excluding high income),ECA,2015.0,98.3324584960938
Europe & Central Asia,ECS,2015.0,104.293327331543
Ecuador,ECU,2015.0,102.632553100586
Euro area,EMU,2015.0,107.714622497559
Eritrea,ERI,2015.0,41.9455795288086
Spain,ESP,2015.0,125.209602355957
Estonia,EST,2015.0,108.522552490234
Ethiopia,ETH,2015.0,33.3210265952712
European Union,EUU,2015.0,107.710403442383
Fragile and conflict affected situations,FCS,2015.0,41.4105987548828
Finland,FIN,2015.0,157.990310668945
Fiji,FJI,2015.0,89.4052671769281
France,FRA,2015.0,103.941093444824
United Kingdom,GBR,2015.0,128.079116821289
Georgia,GEO,2015.0,104.703674077125
Ghana,GHA,2015.0,64.5307806759859
Greece,GRC,2015.0,99.8590774536133
Grenada,GRD,2015.0,105.264378478664
Guatemala,GTM,2015.0,52.866427490626
High income,HIC,2015.0,104.697738647461
"Hong Kong SAR, China",HKG,2015.0,105.413190529876
Honduras,HND,2015.0,55.1216519478842
Heavily indebted poor countries (HIPC),HPC,2015.0,36.3251991271973
Croatia,HRV,2015.0,104.907768249512
Hungary,HUN,2015.0,104.925148010254
IBRD only,IBD,2015.0,84.4134674072266
IDA & IBRD total,IBT,2015.0,70.6143493652344
IDA total,IDA,2015.0,43.1467514038086
IDA blend,IDB,2015.0,41.6168518066406
Indonesia,IDN,2015.0,88.012649448813
IDA only,IDX,2015.0,43.8637504577637
India,IND,2015.0,74.3924407958984
Ireland,IRL,2015.0,118.652038574219
"Iran, Islamic Rep.",IRN,2015.0,80.8046798706055
Iceland,ISL,2015.0,120.264518737793
Israel,ISR,2015.0,98.7219314575195
Italy,ITA,2015.0,100.56990814209
Jamaica,JAM,2015.0,87.8180659010758
Japan,JPN,2015.0,101.829078674316
Kazakhstan,KAZ,2015.0,99.2999761450382
Kenya,KEN,2015.0,70.187444140127
Kyrgyz Republic,KGZ,2015.0,89.3803392348644
St. Kitts and Nevis,KNA,2015.0,115.620048522949
"Korea, Rep.",KOR,2015.0,98.3732299804688
Kuwait,KWT,2015.0,99.7793273925781
Latin America & Caribbean (excluding high income),LAC,2015.0,97.8051376342773
Lao PDR,LAO,2015.0,59.772232688381
Lebanon,LBN,2015.0,60.3778897955521
Liberia,LBR,2015.0,31.3665904998779
St. Lucia,LCA,2015.0,91.9546737670898
Latin America & Caribbean,LCN,2015.0,97.6465072631836
Least developed countries: UN classification,LDC,2015.0,41.3441314697266
Low income,LIC,2015.0,34.0883712768555
Liechtenstein,LIE,2015.0,101.72176361084
Sri Lanka,LKA,2015.0,97.2124296159383
Lower middle income,LMC,2015.0,63.3554496765137
Low & middle income,LMY,2015.0,70.3628463745117
Lesotho,LSO,2015.0,67.8270774378415
Late-demographic dividend,LTE,2015.0,92.0840072631836
Lithuania,LTU,2015.0,104.869941711426
Luxembourg,LUX,2015.0,106.386573791504
Latvia,LVA,2015.0,111.17414855957
"Macao SAR, China",MAC,2015.0,101.774647887324
Moldova,MDA,2015.0,105.821275331092
Madagascar,MDG,2015.0,36.2567596435547
Maldives,MDV,2015.0,80.7421762848119
"Middle East, North Africa, Afghanistan & Pakistan",MEA,2015.0,53.8907585144043
Mexico,MEX,2015.0,104.495323181152
Marshall Islands,MHL,2015.0,87.4442319949012
Middle income,MIC,2015.0,75.4128112792969
North Macedonia,MKD,2015.0,84.5505599975586
Mali,MLI,2015.0,34.4988647258526
Malta,MLT,2015.0,98.229377746582
Montenegro,MNE,2015.0,92.0022735595703
Mozambique,MOZ,2015.0,32.985279083252
Mauritania,MRT,2015.0,28.8231465861958
Mauritius,MUS,2015.0,95.9186994275233
Malawi,MWI,2015.0,37.6379016435624
Malaysia,MYS,2015.0,87.3510665893555
North America,NAC,2015.0,99.368782043457
Namibia,NAM,2015.0,81.7415343444417
Niger,NER,2015.0,16.6576291122559
Nigeria,NGA,2015.0,41.8675918579102
Netherlands,NLD,2015.0,114.759147644043
Norway,NOR,2015.0,113.49649810791
Nepal,NPL,2015.0,70.6879119873047
New Zealand,NZL,2015.0,118.08772277832
OECD members,OED,2015.0,105.935737609863
Oman,OMN,2015.0,101.587336228658
Other small states,OSS,2015.0,70.2543182373047
Pakistan,PAK,2015.0,30.3251040463428
Panama,PAN,2015.0,79.0192337036133
Peru,PER,2015.0,98.0674209594727
Philippines,PHL,2015.0,85.5248692113886
Poland,POL,2015.0,107.555976867676
Pre-demographic dividend,PRE,2015.0,36.8539009094238
Puerto Rico (US),PRI,2015.0,99.7742919921875
"Korea, Dem. People's Rep.",PRK,2015.0,94.8986968994141
Portugal,PRT,2015.0,116.3916015625
West Bank and Gaza,PSE,2015.0,89.9287548247777
Pacific island small states,PSS,2015.0,74.3910293579102
Post-demographic dividend,PST,2015.0,105.723571777344
Qatar,QAT,2015.0,102.855682373047
Romania,ROU,2015.0,91.041862487793
Russian Federation,RUS,2015.0,95.5388063257807
Rwanda,RWA,2015.0,40.5258619158058
South Asia,SAS,2015.0,73.1828765869141
Saudi Arabia,SAU,2015.0,103.193475670071
Sudan,SDN,2015.0,42.1506309509277
Sierra Leone,SLE,2015.0,37.5164985656738
El Salvador,SLV,2015.0,72.0438162131663
Serbia,SRB,2015.0,97.9315490722656
Sub-Saharan Africa (excluding high income),SSA,2015.0,39.9736595153809
South Sudan,SSD,2015.0,8.0513801574707
Sub-Saharan Africa,SSF,2015.0,39.976261138916
Small states,SST,2015.0,73.7108535766602
Sao Tome and Principe,STP,2015.0,85.4740676879883
Suriname,SUR,2015.0,78.6041488647461
Slovak Republic,SVK,2015.0,92.5494537353516
Slovenia,SVN,2015.0,109.984649658203
Sweden,SWE,2015.0,146.889114379883
Eswatini,SWZ,2015.0,76.7041397094727
Seychelles,SYC,2015.0,94.5454545454545
Turks and Caicos Islands,TCA,2015.0,78.5111281657713
Chad,TCD,2015.0,13.880263310419
East Asia & Pacific (IDA & IBRD countries),TEA,2015.0,86.5495834350586
Europe & Central Asia (IDA & IBRD countries),TEC,2015.0,97.9764862060547
Thailand,THA,2015.0,121.944808959961
Latin America & the Caribbean (IDA & IBRD countries),TLA,2015.0,97.6419296264648
Timor-Leste,TLS,2015.0,75.7349709712488
Tonga,TON,2015.0,108.722566122679
South Asia (IDA & IBRD),TSA,2015.0,73.1828765869141
Sub-Saharan Africa (IDA & IBRD countries),TSS,2015.0,39.976261138916
Turkiye,TUR,2015.0,106.707969665527
Tuvalu,TUV,2015.0,96.6386566162109
Tanzania,TZA,2015.0,25.9106006622314
Ukraine,UKR,2015.0,89.8863449960325
Upper middle income,UMC,2015.0,93.5445327758789
United States,USA,2015.0,98.1735763549805
Uzbekistan,UZB,2015.0,91.938963197135
St. Vincent and the Grenadines,VCT,2015.0,116.049102783203
"Venezuela, RB",VEN,2015.0,92.9153289794922
British Virgin Islands,VGB,2015.0,99.1428571428571
Viet Nam,VNM,2015.0,83.8337492903167
Vanuatu,VUT,2015.0,56.5349197387695
World,WLD,2015.0,74.425422668457
Samoa,WSM,2015.0,91.2186009453888
South Africa,ZAF,2015.0,104.541397395068
Africa Eastern and Southern,AFE,2016.0,40.2670402526855
Afghanistan,AFG,2016.0,38.5832786560059
Africa Western and Central,AFW,2016.0,39.0918617248535
Angola,AGO,2016.0,42.9851256990708
Albania,ALB,2016.0,96.6560853943559
Andorra,AND,2016.0,95.5604400634766
Arab World,ARB,2016.0,64.8255615234375
Argentina,ARG,2016.0,112.874443054199
Australia,AUS,2016.0,144.401290893555
Austria,AUT,2016.0,99.1238174438477
Burundi,BDI,2016.0,47.4670778135604
Belgium,BEL,2016.0,170.400466918945
Benin,BEN,2016.0,47.7052116394043
Burkina Faso,BFA,2016.0,33.8377858408122
Bangladesh,BGD,2016.0,66.9120125277375
Bulgaria,BGR,2016.0,100.93839263916
Bahrain,BHR,2016.0,100.962353094519
"Bahamas, The",BHS,2016.0,86.5407818532819
Bosnia and Herzegovina,BIH,2016.0,85.0680236816406
Belarus,BLR,2016.0,102.01233919664
Belize,BLZ,2016.0,88.9483912761822
Bolivia,BOL,2016.0,89.7963617272291
Brazil,BRA,2016.0,104.728561401367
Barbados,BRB,2016.0,109.759788513184
Brunei Darussalam,BRN,2016.0,93.33837890625
Bhutan,BTN,2016.0,93.3539505004883
Central African Republic,CAF,2016.0,11.0433397293091
Canada,CAN,2016.0,111.972282409668
Central Europe and the Baltics,CEB,2016.0,100.713256835938
Switzerland,CHE,2016.0,102.22403717041
Chile,CHL,2016.0,101.831230163574
Cote d'Ivoire,CIV,2016.0,40.5872787120579
Cameroon,CMR,2016.0,56.4790090222202
Colombia,COL,2016.0,101.674926757812
Cabo Verde,CPV,2016.0,107.346835625835
Costa Rica,CRI,2016.0,120.720222473145
Caribbean small states,CSS,2016.0,91.5283126831055
Cuba,CUB,2016.0,99.2363989742163
Cyprus,CYP,2016.0,99.3960037231445
Czechia,CZE,2016.0,103.56421661377
Germany,DEU,2016.0,98.584228515625
Denmark,DNK,2016.0,132.793762207031
Dominican Republic,DOM,2016.0,83.7006235554531
East Asia & Pacific (excluding high income),EAP,2016.0,86.1764984130859
Early-demographic dividend,EAR,2016.0,73.3005599975586
East Asia & Pacific,EAS,2016.0,87.7668609619141
Europe & Central Asia (excluding high income),ECA,2016.0,98.6367492675781
Europe & Central Asia,ECS,2016.0,104.06916809082
Ecuador,ECU,2016.0,99.4637598671025
"Egypt, Arab Rep.",EGY,2016.0,74.7882619375541
Euro area,EMU,2016.0,107.162811279297
Spain,ESP,2016.0,124.175399780273
Estonia,EST,2016.0,112.33544921875
European Union,EUU,2016.0,107.008682250977
Fragile and conflict affected situations,FCS,2016.0,40.9391899108887
Finland,FIN,2016.0,159.691635131836
Fiji,FJI,2016.0,90.7946273675174
France,FRA,2016.0,103.741958618164
Georgia,GEO,2016.0,105.340707282856
Ghana,GHA,2016.0,65.3783920673892
Gibraltar,GIB,2016.0,131.354838709677
Greece,GRC,2016.0,100.793319702148
Grenada,GRD,2016.0,107.677725118483
Guatemala,GTM,2016.0,52.5401757423553
High income,HIC,2016.0,104.505218505859
"Hong Kong SAR, China",HKG,2016.0,105.614832535885
Honduras,HND,2016.0,55.2523310583486
Heavily indebted poor countries (HIPC),HPC,2016.0,36.8096504211426
Croatia,HRV,2016.0,105.486587524414
Hungary,HUN,2016.0,103.420066833496
IBRD only,IBD,2016.0,84.9050216674805
IDA & IBRD total,IBT,2016.0,70.935188293457
IDA total,IDA,2016.0,43.7213706970215
IDA blend,IDB,2016.0,40.9479103088379
Indonesia,IDN,2016.0,89.0999579586062
IDA only,IDX,2016.0,45.1659812927246
India,IND,2016.0,75.823371887207
Ireland,IRL,2016.0,118.613380432129
"Iran, Islamic Rep.",IRN,2016.0,82.1195220947266
Iceland,ISL,2016.0,116.968399047852
Israel,ISR,2016.0,99.7816162109375
Italy,ITA,2016.0,100.321586608887
Jamaica,JAM,2016.0,89.5799290253363
Japan,JPN,2016.0,101.40486907959
Kazakhstan,KAZ,2016.0,98.0107832338107
Kenya,KEN,2016.0,73.1205739030308
Kyrgyz Republic,KGZ,2016.0,90.2972623073403
St. Kitts and Nevis,KNA,2016.0,118.171806335449
"Korea, Rep.",KOR,2016.0,98.453483581543
Latin America & Caribbean (excluding high income),LAC,2016.0,98.8219528198242
Lao PDR,LAO,2016.0,62.2666985609989
Lebanon,LBN,2016.0,62.351438954916
St. Lucia,LCA,2016.0,91.5551681518555
Latin America & Caribbean,LCN,2016.0,98.4324188232422
Least developed countries: UN classification,LDC,2016.0,42.847599029541
Low income,LIC,2016.0,34.5961303710938
Liechtenstein,LIE,2016.0,101.906776428223
Sri Lanka,LKA,2016.0,96.5253510453528
Lower middle income,LMC,2016.0,64.3369522094727
Low & middle income,LMY,2016.0,70.7101593017578
Lesotho,LSO,2016.0,65.0972290039062
Late-demographic dividend,LTE,2016.0,91.4169616699219
Lithuania,LTU,2016.0,104.289833068848
Luxembourg,LUX,2016.0,107.912910461426
Latvia,LVA,2016.0,110.434066772461
"Macao SAR, China",MAC,2016.0,101.977941176471
Monaco,MCO,2016.0,151.901138305664
Moldova,MDA,2016.0,106.359346502359
Madagascar,MDG,2016.0,36.2822418212891
Maldives,MDV,2016.0,78.7856349500185
"Middle East, North Africa, Afghanistan & Pakistan",MEA,2016.0,54.9065208435059
Mexico,MEX,2016.0,106.824447631836
Marshall Islands,MHL,2016.0,89.3410852713178
Middle income,MIC,2016.0,75.8613662719727
Mali,MLI,2016.0,34.1917935715776
Malta,MLT,2016.0,96.0018768310547
Myanmar,MMR,2016.0,72.2770767211914
Montenegro,MNE,2016.0,90.6202926635742
Mauritania,MRT,2016.0,30.5243563459821
Mauritius,MUS,2016.0,96.6578558308319
Malawi,MWI,2016.0,35.6916809082031
Malaysia,MYS,2016.0,84.7308502197266
North America,NAC,2016.0,99.6349105834961
Namibia,NAM,2016.0,82.4628831856333
Niger,NER,2016.0,19.4438558469203
Nigeria,NGA,2016.0,37.2762603759766
Netherlands,NLD,2016.0,113.61457824707
Norway,NOR,2016.0,114.915069580078
Nepal,NPL,2016.0,73.9553375244141
Nauru,NRU,2016.0,79.6178283691406
New Zealand,NZL,2016.0,117.256340026855
OECD members,OED,2016.0,106.198120117188
Oman,OMN,2016.0,100.638573236813
Other small states,OSS,2016.0,71.1938934326172
Pakistan,PAK,2016.0,31.73991038953
Panama,PAN,2016.0,84.1366882324219
Peru,PER,2016.0,100.164909362793
Philippines,PHL,2016.0,86.0883666592253
Poland,POL,2016.0,107.49730682373
Pre-demographic dividend,PRE,2016.0,36.6112899780273
Puerto Rico (US),PRI,2016.0,87.7187728881836
Portugal,PRT,2016.0,115.198280334473
Paraguay,PRY,2016.0,84.2714777594267
West Bank and Gaza,PSE,2016.0,90.2320188949519
Pacific island small states,PSS,2016.0,74.3553085327148
Post-demographic dividend,PST,2016.0,105.410469055176
Qatar,QAT,2016.0,101.471275105091
Romania,ROU,2016.0,88.5227890014648
Russian Federation,RUS,2016.0,95.5642562629198
Rwanda,RWA,2016.0,39.8630035289782
South Asia,SAS,2016.0,74.9855804443359
Saudi Arabia,SAU,2016.0,106.195082803448
Sudan,SDN,2016.0,40.467399597168
Singapore,SGP,2016.0,107.364959262144
Sierra Leone,SLE,2016.0,40.7735595703125
El Salvador,SLV,2016.0,69.2825794984198
Serbia,SRB,2016.0,97.4025421142578
Sub-Saharan Africa (excluding high income),SSA,2016.0,39.7671089172363
Sub-Saharan Africa,SSF,2016.0,39.7697906494141
Small states,SST,2016.0,74.6144866943359
Sao Tome and Principe,STP,2016.0,87.7800827026367
Suriname,SUR,2016.0,84.818447575667
Slovak Republic,SVK,2016.0,92.0748672485352
Slovenia,SVN,2016.0,116.400497436523
Sweden,SWE,2016.0,145.599060058594
Eswatini,SWZ,2016.0,82.1736533366008
Seychelles,SYC,2016.0,101.458499071864
Turks and Caicos Islands,TCA,2016.0,69.2889561270802
Chad,TCD,2016.0,14.2798381653045
East Asia & Pacific (IDA & IBRD countries),TEA,2016.0,86.0514678955078
Europe & Central Asia (IDA & IBRD countries),TEC,2016.0,98.0270080566406
Thailand,THA,2016.0,122.222442626953
Latin America & the Caribbean (IDA & IBRD countries),TLA,2016.0,98.4624328613281
Timor-Leste,TLS,2016.0,80.4793824903514
South Asia (IDA & IBRD),TSA,2016.0,74.9855804443359
Sub-Saharan Africa (IDA & IBRD countries),TSS,2016.0,39.7697906494141
Tunisia,TUN,2016.0,95.4877166748047
Turkiye,TUR,2016.0,108.04418182373
Tuvalu,TUV,2016.0,85.5491333007812
Tanzania,TZA,2016.0,25.6934364827346
Ukraine,UKR,2016.0,88.2942638037531
Upper middle income,UMC,2016.0,93.4494018554688
United States,USA,2016.0,98.4747085571289
Uzbekistan,UZB,2016.0,92.4681516255333
"Venezuela, RB",VEN,2016.0,89.12158203125
British Virgin Islands,VGB,2016.0,98.3240223463687
Viet Nam,VNM,2016.0,86.3064277183873
World,WLD,2016.0,74.671012878418
Samoa,WSM,2016.0,91.1509944232257
"Yemen, Rep.",YEM,2016.0,36.8241691589355
South Africa,ZAF,2016.0,109.660301208496
Africa Eastern and Southern,AFE,2017.0,40.8391418457031
Afghanistan,AFG,2017.0,39.937858581543
Africa Western and Central,AFW,2017.0,39.740650177002
Albania,ALB,2017.0,94.9233468518998
Andorra,AND,2017.0,95.4148483276367
Arab World,ARB,2017.0,65.4355316162109
Argentina,ARG,2017.0,113.530090332031
Antigua and Barbuda,ATG,2017.0,115.81339263916
Australia,AUS,2017.0,144.534530639648
Austria,AUT,2017.0,98.8336181640625
Burundi,BDI,2017.0,49.4867506946943
Belgium,BEL,2017.0,168.216491699219
Burkina Faso,BFA,2017.0,36.4337512769058
Bangladesh,BGD,2017.0,66.8206080291299
Bulgaria,BGR,2017.0,101.615371704102
Bahrain,BHR,2017.0,101.66381888082
"Bahamas, The",BHS,2017.0,94.6372239747634
Bosnia and Herzegovina,BIH,2017.0,85.6158828735352
Belarus,BLR,2017.0,101.583542654067
Belize,BLZ,2017.0,87.3819122314453
Bolivia,BOL,2017.0,88.5199336270253
Brazil,BRA,2017.0,104.489143371582
Barbados,BRB,2017.0,110.261192321777
Brunei Darussalam,BRN,2017.0,91.7844619750977
Bhutan,BTN,2017.0,93.6836013793945
Central African Republic,CAF,2017.0,12.7931003570557
Canada,CAN,2017.0,112.20565032959
Central Europe and the Baltics,CEB,2017.0,100.939628601074
Switzerland,CHE,2017.0,102.139213562012
Chile,CHL,2017.0,102.539222717285
Cote d'Ivoire,CIV,2017.0,43.9337901584799
Colombia,COL,2017.0,102.081871032715
Comoros,COM,2017.0,59.3382174230061
Cabo Verde,CPV,2017.0,108.513703183866
Costa Rica,CRI,2017.0,125.053909301758
Caribbean small states,CSS,2017.0,90.4940338134766
Cuba,CUB,2017.0,99.8315436409602
Cyprus,CYP,2017.0,99.9665832519531
Czechia,CZE,2017.0,102.751281738281
Germany,DEU,2017.0,98.1771011352539
Denmark,DNK,2017.0,130.848114013672
Dominican Republic,DOM,2017.0,83.2663415112375
East Asia & Pacific (excluding high income),EAP,2017.0,86.3374404907227
Early-demographic dividend,EAR,2017.0,72.9086227416992
East Asia & Pacific,EAS,2017.0,87.9111175537109
Europe & Central Asia (excluding high income),ECA,2017.0,99.5105667114258
Europe & Central Asia,ECS,2017.0,104.589317321777
Ecuador,ECU,2017.0,97.4745655657693
"Egypt, Arab Rep.",EGY,2017.0,75.3094821649971
Euro area,EMU,2017.0,107.24112701416
Eritrea,ERI,2017.0,42.0257682800293
Spain,ESP,2017.0,122.132362365723
Estonia,EST,2017.0,114.632881164551
European Union,EUU,2017.0,107.164947509766
Fragile and conflict affected situations,FCS,2017.0,41.7020301818848
Finland,FIN,2017.0,161.339553833008
France,FRA,2017.0,104.159187316895
United Kingdom,GBR,2017.0,127.764511108398
Georgia,GEO,2017.0,106.843781110901
Ghana,GHA,2017.0,64.9647509332356
Gibraltar,GIB,2017.0,130.694275274056
Greece,GRC,2017.0,101.863510131836
Grenada,GRD,2017.0,106.911551474142
Guatemala,GTM,2017.0,52.2652133739495
High income,HIC,2017.0,104.842407226562
"Hong Kong SAR, China",HKG,2017.0,104.087170042971
Honduras,HND,2017.0,54.7623596191406
Heavily indebted poor countries (HIPC),HPC,2017.0,37.3247604370117
Croatia,HRV,2017.0,106.282768249512
Hungary,HUN,2017.0,104.089332580566
IBRD only,IBD,2017.0,84.423942565918
IDA & IBRD total,IBT,2017.0,70.6176300048828
IDA total,IDA,2017.0,44.1494102478027
IDA blend,IDB,2017.0,41.1503791809082
Indonesia,IDN,2017.0,91.8476348896733
IDA only,IDX,2017.0,45.7906684875488
India,IND,2017.0,74.2236328125
Ireland,IRL,2017.0,123.970291137695
"Iran, Islamic Rep.",IRN,2017.0,81.7238006591797
Iceland,ISL,2017.0,114.679817199707
Israel,ISR,2017.0,98.5735092163086
Italy,ITA,2017.0,100.285293579102
Jamaica,JAM,2017.0,86.0544417661238
Jordan,JOR,2017.0,91.5137035572558
Japan,JPN,2017.0,100.593452453613
Kazakhstan,KAZ,2017.0,96.6959328368217
Kyrgyz Republic,KGZ,2017.0,89.7482653344435
Cambodia,KHM,2017.0,51.2054747282757
St. Kitts and Nevis,KNA,2017.0,120.649651972158
"Korea, Rep.",KOR,2017.0,98.7714462280273
Latin America & Caribbean (excluding high income),LAC,2017.0,99.1099166870117
Lao PDR,LAO,2017.0,63.5469120681911
Lebanon,LBN,2017.0,66.1201281851679
St. Lucia,LCA,2017.0,90.8347015380859
Latin America & Caribbean,LCN,2017.0,98.6545333862305
Least developed countries: UN classification,LDC,2017.0,43.5300102233887
Low income,LIC,2017.0,35.3164710998535
Liechtenstein,LIE,2017.0,105.065116882324
Sri Lanka,LKA,2017.0,97.5062635264586
Lower middle income,LMC,2017.0,63.751091003418
Low & middle income,LMY,2017.0,70.3994216918945
Lesotho,LSO,2017.0,68.1387518596821
Late-demographic dividend,LTE,2017.0,91.2339096069336
Lithuania,LTU,2017.0,105.108963012695
Luxembourg,LUX,2017.0,108.230567932129
Latvia,LVA,2017.0,110.162521362305
"Macao SAR, China",MAC,2017.0,98.5185185185185
Morocco,MAR,2017.0,74.2546979867675
Moldova,MDA,2017.0,94.1081275473507
Madagascar,MDG,2017.0,35.2360569008275
Maldives,MDV,2017.0,79.1508430806623
"Middle East, North Africa, Afghanistan & Pakistan",MEA,2017.0,55.0110015869141
Mexico,MEX,2017.0,109.083389282227
Middle income,MIC,2017.0,75.5017318725586
North Macedonia,MKD,2017.0,83.6312866210938
Mali,MLI,2017.0,34.447973185326
Malta,MLT,2017.0,101.760231018066
Myanmar,MMR,2017.0,77.0976104736328
Montenegro,MNE,2017.0,90.5475234985352
Mozambique,MOZ,2017.0,35.2994499206543
Mauritania,MRT,2017.0,30.7430804973383
Mauritius,MUS,2017.0,95.6264935299157
Malawi,MWI,2017.0,39.0289251751713
Malaysia,MYS,2017.0,83.2714004516602
North America,NAC,2017.0,99.8584365844727
Namibia,NAM,2017.0,82.9187287944073
Niger,NER,2017.0,20.3042793946679
Netherlands,NLD,2017.0,115.796371459961
Norway,NOR,2017.0,115.061729431152
Nepal,NPL,2017.0,77.7481231689453
New Zealand,NZL,2017.0,116.713752746582
OECD members,OED,2017.0,106.952301025391
Oman,OMN,2017.0,101.150822367266
Other small states,OSS,2017.0,72.4134902954102
Pakistan,PAK,2017.0,31.2563221783058
Panama,PAN,2017.0,79.0785217285156
Peru,PER,2017.0,99.50537109375
Philippines,PHL,2017.0,84.2528228759766
Poland,POL,2017.0,108.001609802246
Pre-demographic dividend,PRE,2017.0,37.5345191955566
Portugal,PRT,2017.0,117.064079284668
West Bank and Gaza,PSE,2017.0,91.1514747935572
Pacific island small states,PSS,2017.0,74.5658721923828
Post-demographic dividend,PST,2017.0,105.532516479492
Qatar,QAT,2017.0,102.250071204785
Romania,ROU,2017.0,88.4959869384766
Russian Federation,RUS,2017.0,96.9046880348653
Rwanda,RWA,2017.0,41.5758285639592
South Asia,SAS,2017.0,73.732780456543
Saudi Arabia,SAU,2017.0,107.213197631228
Sudan,SDN,2017.0,43.3027687072754
Singapore,SGP,2017.0,106.88839463636
Sierra Leone,SLE,2017.0,41.1011695861816
El Salvador,SLV,2017.0,66.9212075557367
Serbia,SRB,2017.0,95.9280700683594
Sub-Saharan Africa (excluding high income),SSA,2017.0,40.3692207336426
Sub-Saharan Africa,SSF,2017.0,40.371768951416
Small states,SST,2017.0,75.3346328735352
Sao Tome and Principe,STP,2017.0,95.1290435791016
Slovak Republic,SVK,2017.0,91.9410705566406
Slovenia,SVN,2017.0,115.774978637695
Sweden,SWE,2017.0,148.528549194336
Seychelles,SYC,2017.0,113.519952352591
Turks and Caicos Islands,TCA,2017.0,80.772142316427
Chad,TCD,2017.0,14.0123630025093
East Asia & Pacific (IDA & IBRD countries),TEA,2017.0,86.2188720703125
Europe & Central Asia (IDA & IBRD countries),TEC,2017.0,98.9324569702148
Togo,TGO,2017.0,51.5055745468098
Thailand,THA,2017.0,86.0704322494438
Latin America & the Caribbean (IDA & IBRD countries),TLA,2017.0,98.6692733764648
Timor-Leste,TLS,2017.0,84.7672794199171
South Asia (IDA & IBRD),TSA,2017.0,73.732780456543
Sub-Saharan Africa (IDA & IBRD countries),TSS,2017.0,40.371768951416
Turkiye,TUR,2017.0,110.961929321289
Tanzania,TZA,2017.0,26.6423516825531
Ukraine,UKR,2017.0,86.8121857927259
Upper middle income,UMC,2017.0,93.6901931762695
Uruguay,URY,2017.0,122.787338256836
United States,USA,2017.0,98.695556640625
Uzbekistan,UZB,2017.0,93.5591792866064
"Venezuela, RB",VEN,2017.0,87.9344787597656
British Virgin Islands,VGB,2017.0,91.5360501567398
Viet Nam,VNM,2017.0,87.6304773371075
World,WLD,2017.0,74.3800277709961
South Africa,ZAF,2017.0,110.607490539551
Aruba,ABW,2018.0,143.72492980957
Africa Eastern and Southern,AFE,2018.0,41.1385498046875
Afghanistan,AFG,2018.0,41.3507118225098
Africa Western and Central,AFW,2018.0,40.4764213562012
Albania,ALB,2018.0,95.8495450622985
Andorra,AND,2018.0,97.8036804199219
Arab World,ARB,2018.0,65.6868133544922
United Arab Emirates,ARE,2018.0,100.131416320801
Argentina,ARG,2018.0,112.869537353516
Armenia,ARM,2018.0,82.6929233518222
Antigua and Barbuda,ATG,2018.0,119.61092376709
Australia,AUS,2018.0,132.354217529297
Austria,AUT,2018.0,98.9431686401367
Azerbaijan,AZE,2018.0,108.65273695473
Burundi,BDI,2018.0,48.9246508069948
Belgium,BEL,2018.0,165.985092163086
Burkina Faso,BFA,2018.0,39.4315297671845
Bangladesh,BGD,2018.0,69.0192069270982
Bulgaria,BGR,2018.0,102.039916992188
Bahrain,BHR,2018.0,100.906915228618
"Bahamas, The",BHS,2018.0,84.2835504392608
Bosnia and Herzegovina,BIH,2018.0,87.8049774169922
Belarus,BLR,2018.0,100.837960983045
Belize,BLZ,2018.0,88.364140080516
Bolivia,BOL,2018.0,87.8603570044998
Brazil,BRA,2018.0,106.413528442383
Barbados,BRB,2018.0,108.398483276367
Brunei Darussalam,BRN,2018.0,92.0042572021484
Bhutan,BTN,2018.0,94.7654841059746
Canada,CAN,2018.0,112.037117004395
Central Europe and the Baltics,CEB,2018.0,100.836486816406
Switzerland,CHE,2018.0,102.257682800293
Chile,CHL,2018.0,103.21607208252
Cote d'Ivoire,CIV,2018.0,46.3947128556196
Colombia,COL,2018.0,102.91561126709
Comoros,COM,2018.0,64.5565253389451
Cabo Verde,CPV,2018.0,104.00895690918
Costa Rica,CRI,2018.0,129.916809082031
Caribbean small states,CSS,2018.0,89.5968170166016
Cuba,CUB,2018.0,100.943717956543
Cayman Islands,CYM,2018.0,87.5760649087221
Cyprus,CYP,2018.0,99.575309753418
Czechia,CZE,2018.0,102.012992858887
Germany,DEU,2018.0,97.601936340332
Denmark,DNK,2018.0,129.861923217773
Dominican Republic,DOM,2018.0,83.2545036540322
East Asia & Pacific (excluding high income),EAP,2018.0,87.1004104614258
Early-demographic dividend,EAR,2018.0,74.0610427856445
East Asia & Pacific,EAS,2018.0,88.4812393188477
Europe & Central Asia (excluding high income),ECA,2018.0,99.7525177001953
Europe & Central Asia,ECS,2018.0,104.573738098145
Ecuador,ECU,2018.0,96.3960714193164
"Egypt, Arab Rep.",EGY,2018.0,75.9067103552346
Euro area,EMU,2018.0,107.565269470215
Eritrea,ERI,2018.0,43.4416885375977
Spain,ESP,2018.0,121.294639587402
Estonia,EST,2018.0,114.272331237793
European Union,EUU,2018.0,107.385391235352
Fragile and conflict affected situations,FCS,2018.0,42.3339385986328
Finland,FIN,2018.0,161.847595214844
Fiji,FJI,2018.0,93.1892646769198
France,FRA,2018.0,104.071128845215
United Kingdom,GBR,2018.0,122.013656616211
Georgia,GEO,2018.0,109.227803680577
Ghana,GHA,2018.0,66.9166894213064
Greece,GRC,2018.0,102.07266998291
Grenada,GRD,2018.0,111.967495690717
Guatemala,GTM,2018.0,52.3446298715485
High income,HIC,2018.0,104.676200866699
"Hong Kong SAR, China",HKG,2018.0,105.382222222222
Heavily indebted poor countries (HIPC),HPC,2018.0,37.9172706604004
Croatia,HRV,2018.0,107.253150939941
Hungary,HUN,2018.0,103.239440917969
IBRD only,IBD,2018.0,85.2913284301758
IDA & IBRD total,IBT,2018.0,71.4286880493164
IDA total,IDA,2018.0,45.2876815795898
IDA blend,IDB,2018.0,42.5673599243164
Indonesia,IDN,2018.0,93.7541308046929
IDA only,IDX,2018.0,46.8124504089355
India,IND,2018.0,75.5565032958984
Ireland,IRL,2018.0,164.419372558594
Iceland,ISL,2018.0,113.783317565918
Israel,ISR,2018.0,98.8978576660156
Italy,ITA,2018.0,100.701438903809
Jamaica,JAM,2018.0,84.739986572276
Jordan,JOR,2018.0,92.4891451216421
Japan,JPN,2018.0,100.685279846191
Kazakhstan,KAZ,2018.0,96.2488486443621
Kyrgyz Republic,KGZ,2018.0,91.0594350779724
Cambodia,KHM,2018.0,53.0927446861047
St. Kitts and Nevis,KNA,2018.0,117.739025856885
"Korea, Rep.",KOR,2018.0,98.8866806030273
Latin America & Caribbean (excluding high income),LAC,2018.0,100.221862792969
Lao PDR,LAO,2018.0,63.8298251272908
Lebanon,LBN,2018.0,68.2192125483757
St. Lucia,LCA,2018.0,90.4871978759766
Latin America & Caribbean,LCN,2018.0,99.8022918701172
Least developed countries: UN classification,LDC,2018.0,44.5144805908203
Low income,LIC,2018.0,35.7923583984375
Liechtenstein,LIE,2018.0,101.641143798828
Sri Lanka,LKA,2018.0,99.2050919963165
Lower middle income,LMC,2018.0,64.9927520751953
Low & middle income,LMY,2018.0,71.2089767456055
Late-demographic dividend,LTE,2018.0,92.1066589355469
Lithuania,LTU,2018.0,105.096572875977
Luxembourg,LUX,2018.0,108.786758422852
Latvia,LVA,2018.0,108.584571838379
"Macao SAR, China",MAC,2018.0,93.8029197080292
Morocco,MAR,2018.0,75.2608385790025
Moldova,MDA,2018.0,95.4169685647691
Madagascar,MDG,2018.0,35.3710327591243
Maldives,MDV,2018.0,76.8313327177593
"Middle East, North Africa, Afghanistan & Pakistan",MEA,2018.0,56.3839988708496
Mexico,MEX,2018.0,110.51097869873
Middle income,MIC,2018.0,76.4620666503906
North Macedonia,MKD,2018.0,82.5274887084961
Mali,MLI,2018.0,34.2633935963908
Malta,MLT,2018.0,102.913093566895
Myanmar,MMR,2018.0,81.8814926147461
Montenegro,MNE,2018.0,91.4177093505859
Mongolia,MNG,2018.0,93.3913463704946
Mauritania,MRT,2018.0,34.754930908232
Mauritius,MUS,2018.0,93.8197294421645
Malawi,MWI,2018.0,38.1734496554461
Malaysia,MYS,2018.0,79.4510116577148
North America,NAC,2018.0,99.9377136230469
Namibia,NAM,2018.0,82.4447917914626
Nigeria,NGA,2018.0,39.4427909851074
Netherlands,NLD,2018.0,114.827590942383
Norway,NOR,2018.0,115.596313476562
New Zealand,NZL,2018.0,116.203987121582
OECD members,OED,2018.0,106.945007324219
Oman,OMN,2018.0,103.041481138997
Other small states,OSS,2018.0,73.3735961914062
Pakistan,PAK,2018.0,33.7539426003326
Peru,PER,2018.0,98.6696395874023
Philippines,PHL,2018.0,82.4822175600847
Papua New Guinea,PNG,2018.0,40.4233467116333
Poland,POL,2018.0,109.459831237793
Pre-demographic dividend,PRE,2018.0,38.3734588623047
Puerto Rico (US),PRI,2018.0,90.4226531982422
Portugal,PRT,2018.0,118.86946105957
West Bank and Gaza,PSE,2018.0,91.43948440818
Pacific island small states,PSS,2018.0,74.8235778808594
Post-demographic dividend,PST,2018.0,104.895156860352
Qatar,QAT,2018.0,101.167953667954
Romania,ROU,2018.0,86.5674591064453
Russian Federation,RUS,2018.0,98.3779350439121
Rwanda,RWA,2018.0,43.2482338226061
South Asia,SAS,2018.0,75.2186279296875
Saudi Arabia,SAU,2018.0,106.805095615016
Sudan,SDN,2018.0,42.4490699768066
Singapore,SGP,2018.0,105.214493204689
Sierra Leone,SLE,2018.0,42.5191192626953
El Salvador,SLV,2018.0,67.797487363072
San Marino,SMR,2018.0,57.6923076923077
Serbia,SRB,2018.0,95.5111312866211
Sub-Saharan Africa (excluding high income),SSA,2018.0,40.8536911010742
Sub-Saharan Africa,SSF,2018.0,40.8560485839844
Small states,SST,2018.0,75.903190612793
Slovak Republic,SVK,2018.0,92.4617462158203
Slovenia,SVN,2018.0,114.688491821289
Sweden,SWE,2018.0,147.598724365234
Seychelles,SYC,2018.0,106.99716713881
Turks and Caicos Islands,TCA,2018.0,86.8580093383789
Chad,TCD,2018.0,13.9039225599097
East Asia & Pacific (IDA & IBRD countries),TEA,2018.0,86.9969024658203
Europe & Central Asia (IDA & IBRD countries),TEC,2018.0,99.4584503173828
Thailand,THA,2018.0,87.3145736498592
Latin America & the Caribbean (IDA & IBRD countries),TLA,2018.0,99.8246307373047
Timor-Leste,TLS,2018.0,87.2436736474694
South Asia (IDA & IBRD),TSA,2018.0,75.2186279296875
Sub-Saharan Africa (IDA & IBRD countries),TSS,2018.0,40.8560485839844
Turkiye,TUR,2018.0,111.409126281738
Tuvalu,TUV,2018.0,86.4122085571289
Tanzania,TZA,2018.0,29.1602013185307
Ukraine,UKR,2018.0,85.9279826554464
Upper middle income,UMC,2018.0,94.4231109619141
Uruguay,URY,2018.0,124.153419494629
United States,USA,2018.0,98.7960586547852
Uzbekistan,UZB,2018.0,94.8141255682856
British Virgin Islands,VGB,2018.0,67.0731707317073
Viet Nam,VNM,2018.0,88.6447461101443
World,WLD,2018.0,75.0290069580078
South Africa,ZAF,2018.0,105.538677930271
Aruba,ABW,2019.0,141.99267578125
Africa Eastern and Southern,AFE,2019.0,41.6500816345215
Africa Western and Central,AFW,2019.0,42.076530456543
Albania,ALB,2019.0,95.5375027821055
Andorra,AND,2019.0,95.9698791503906
Arab World,ARB,2019.0,66.192512512207
United Arab Emirates,ARE,2019.0,101.139777479205
Argentina,ARG,2019.0,113.60587310791
Armenia,ARM,2019.0,86.6098941525282
Australia,AUS,2019.0,139.616836547852
Austria,AUT,2019.0,100.049346923828
Azerbaijan,AZE,2019.0,107.552111988747
Burundi,BDI,2019.0,44.8293939228029
Belgium,BEL,2019.0,166.064483642578
Burkina Faso,BFA,2019.0,40.517531621348
Bangladesh,BGD,2019.0,68.6082490748818
Bulgaria,BGR,2019.0,101.704620361328
Bahrain,BHR,2019.0,101.991173149954
"Bahamas, The",BHS,2019.0,80.0
Bosnia and Herzegovina,BIH,2019.0,87.5772018432617
Belarus,BLR,2019.0,99.9048197524061
Belize,BLZ,2019.0,88.4514778969396
Bolivia,BOL,2019.0,88.0304372690611
Brazil,BRA,2019.0,105.773582458496
Barbados,BRB,2019.0,106.941482543945
Brunei Darussalam,BRN,2019.0,91.2721405029297
Bhutan,BTN,2019.0,97.6848520202403
Canada,CAN,2019.0,111.364883422852
Central Europe and the Baltics,CEB,2019.0,100.356903076172
Switzerland,CHE,2019.0,101.935157775879
Chile,CHL,2019.0,104.032539367676
Cote d'Ivoire,CIV,2019.0,49.4831223999723
Colombia,COL,2019.0,104.421806335449
Cabo Verde,CPV,2019.0,103.593505622998
Costa Rica,CRI,2019.0,137.081527709961
Caribbean small states,CSS,2019.0,90.3829193115234
Cuba,CUB,2019.0,101.62084197998
Cayman Islands,CYM,2019.0,85.8134918212891
Cyprus,CYP,2019.0,101.438819885254
Czechia,CZE,2019.0,100.916809082031
Germany,DEU,2019.0,97.6850433349609
Dominica,DMA,2019.0,103.694158075601
Denmark,DNK,2019.0,128.905914306641
Dominican Republic,DOM,2019.0,85.3244113670457
East Asia & Pacific (excluding high income),EAP,2019.0,88.7187194824219
Early-demographic dividend,EAR,2019.0,74.4964599609375
East Asia & Pacific,EAS,2019.0,90.0556335449219
Europe & Central Asia (excluding high income),ECA,2019.0,99.3358764648438
Europe & Central Asia,ECS,2019.0,104.25904083252
Ecuador,ECU,2019.0,95.28924793166
"Egypt, Arab Rep.",EGY,2019.0,76.911298614293
Euro area,EMU,2019.0,107.41471862793
Spain,ESP,2019.0,121.037368774414
Estonia,EST,2019.0,114.590209960938
European Union,EUU,2019.0,107.081871032715
Fragile and conflict affected situations,FCS,2019.0,42.9953918457031
Finland,FIN,2019.0,151.423095703125
Fiji,FJI,2019.0,94.1516926967393
France,FRA,2019.0,104.170417785645
Gabon,GAB,2019.0,72.0510629415333
United Kingdom,GBR,2019.0,118.958671569824
Georgia,GEO,2019.0,109.182046396768
Ghana,GHA,2019.0,70.2943846951293
Gibraltar,GIB,2019.0,98.7607192993164
Greece,GRC,2019.0,104.780532836914
Guatemala,GTM,2019.0,51.0635988036794
High income,HIC,2019.0,104.791778564453
"Hong Kong SAR, China",HKG,2019.0,102.312146003776
Honduras,HND,2019.0,68.4164123535156
Heavily indebted poor countries (HIPC),HPC,2019.0,38.4506301879883
Croatia,HRV,2019.0,107.940246582031
Hungary,HUN,2019.0,102.106719970703
IBRD only,IBD,2019.0,85.9744491577148
IDA & IBRD total,IBT,2019.0,71.9366607666016
IDA total,IDA,2019.0,45.9995384216309
IDA blend,IDB,2019.0,44.0982284545898
Indonesia,IDN,2019.0,95.9420767172654
IDA only,IDX,2019.0,47.1396484375
India,IND,2019.0,75.6416931152344
Ireland,IRL,2019.0,143.507354736328
Iceland,ISL,2019.0,110.045211791992
Israel,ISR,2019.0,98.4972991943359
Italy,ITA,2019.0,100.929710388184
Jamaica,JAM,2019.0,86.3051320241406
Jordan,JOR,2019.0,92.5425629523907
Japan,JPN,2019.0,100.780563354492
Kazakhstan,KAZ,2019.0,96.758870906544
Kyrgyz Republic,KGZ,2019.0,91.5009835275856
Cambodia,KHM,2019.0,53.3177080845995
St. Kitts and Nevis,KNA,2019.0,112.30303030303
"Korea, Rep.",KOR,2019.0,97.9251403808594
Latin America & Caribbean (excluding high income),LAC,2019.0,100.379447937012
Lao PDR,LAO,2019.0,62.7755100424821
Lebanon,LBN,2019.0,69.5287831759035
St. Lucia,LCA,2019.0,88.6840362548828
Latin America & Caribbean,LCN,2019.0,100.104858398438
Least developed countries: UN classification,LDC,2019.0,44.7978897094727
Low income,LIC,2019.0,36.247371673584
Liechtenstein,LIE,2019.0,110.007469177246
Lower middle income,LMC,2019.0,65.5440673828125
Low & middle income,LMY,2019.0,71.7132110595703
Late-demographic dividend,LTE,2019.0,93.1583633422852
Lithuania,LTU,2019.0,105.323661804199
Luxembourg,LUX,2019.0,107.631690979004
Latvia,LVA,2019.0,107.570869445801
"Macao SAR, China",MAC,2019.0,91.8175182481752
Morocco,MAR,2019.0,76.5740050948519
Moldova,MDA,2019.0,95.0363793316069
Madagascar,MDG,2019.0,33.6142692093689
Maldives,MDV,2019.0,75.7793948678667
"Middle East, North Africa, Afghanistan & Pakistan",MEA,2019.0,57.3141708374023
Mexico,MEX,2019.0,110.386650085449
Marshall Islands,MHL,2019.0,97.886393659181
Middle income,MIC,2019.0,77.0973892211914
North Macedonia,MKD,2019.0,81.7043609619141
Malta,MLT,2019.0,103.863830566406
Montenegro,MNE,2019.0,92.1967697143555
Mongolia,MNG,2019.0,91.1179790787994
Mauritania,MRT,2019.0,37.5735638620028
Mauritius,MUS,2019.0,94.0894965817278
Malawi,MWI,2019.0,31.9471376555901
Malaysia,MYS,2019.0,79.9411773681641
North America,NAC,2019.0,100.248710632324
Namibia,NAM,2019.0,83.3997206880115
Netherlands,NLD,2019.0,115.097122192383
Norway,NOR,2019.0,116.849769592285
Nepal,NPL,2019.0,84.223991394043
Nauru,NRU,2019.0,91.0581207275391
New Zealand,NZL,2019.0,123.941261291504
OECD members,OED,2019.0,106.935211181641
Oman,OMN,2019.0,101.22554053215
Other small states,OSS,2019.0,74.3477325439453
Pakistan,PAK,2019.0,35.5736865644319
Peru,PER,2019.0,98.8904113769531
Philippines,PHL,2019.0,87.6308727761127
Papua New Guinea,PNG,2019.0,41.5678577082811
Poland,POL,2019.0,108.760276794434
Pre-demographic dividend,PRE,2019.0,39.3805389404297
Portugal,PRT,2019.0,120.158042907715
West Bank and Gaza,PSE,2019.0,92.1069779946866
Pacific island small states,PSS,2019.0,75.1147079467773
Post-demographic dividend,PST,2019.0,104.926292419434
Qatar,QAT,2019.0,106.114051818848
Romania,ROU,2019.0,86.5128479003906
Russian Federation,RUS,2019.0,99.6904540870663
Rwanda,RWA,2019.0,46.5223774240521
South Asia,SAS,2019.0,75.2787170410156
Saudi Arabia,SAU,2019.0,104.201619656228
Sudan,SDN,2019.0,44.8803787231445
Senegal,SEN,2019.0,47.6122826558931
Singapore,SGP,2019.0,104.181057515607
Sierra Leone,SLE,2019.0,60.979808807373
El Salvador,SLV,2019.0,66.123873218959
San Marino,SMR,2019.0,59.4113090627421
Serbia,SRB,2019.0,94.8361511230469
Sub-Saharan Africa (excluding high income),SSA,2019.0,41.8304290771484
Sub-Saharan Africa,SSF,2019.0,41.8325309753418
Small states,SST,2019.0,76.7563323974609
Suriname,SUR,2019.0,82.830275343503
Slovak Republic,SVK,2019.0,92.1884994506836
Slovenia,SVN,2019.0,112.492553710938
Sweden,SWE,2019.0,142.982864379883
Seychelles,SYC,2019.0,100.954458685574
Turks and Caicos Islands,TCA,2019.0,83.3458929917106
Chad,TCD,2019.0,14.1967132658225
East Asia & Pacific (IDA & IBRD countries),TEA,2019.0,88.6385192871094
Europe & Central Asia (IDA & IBRD countries),TEC,2019.0,99.4928283691406
Thailand,THA,2019.0,85.5828342157346
Turkmenistan,TKM,2019.0,85.1072153533862
Latin America & the Caribbean (IDA & IBRD countries),TLA,2019.0,100.109489440918
Timor-Leste,TLS,2019.0,89.6775720031834
Tonga,TON,2019.0,101.290988897495
South Asia (IDA & IBRD),TSA,2019.0,75.2787170410156
Sub-Saharan Africa (IDA & IBRD countries),TSS,2019.0,41.8325309753418
Turkiye,TUR,2019.0,110.276336669922
Tuvalu,TUV,2019.0,85.4070663452148
Tanzania,TZA,2019.0,31.1972029418227
Ukraine,UKR,2019.0,84.7468835528529
Upper middle income,UMC,2019.0,95.2726516723633
Uruguay,URY,2019.0,126.343617174679
United States,USA,2019.0,99.189453125
Uzbekistan,UZB,2019.0,96.2599029541016
St. Vincent and the Grenadines,VCT,2019.0,129.843918191604
British Virgin Islands,VGB,2019.0,71.2076583210604
Viet Nam,VNM,2019.0,89.7093994425268
World,WLD,2019.0,75.4552917480469
South Africa,ZAF,2019.0,107.597072310067
Aruba,ABW,2020.0,142.045455932617
Africa Eastern and Southern,AFE,2020.0,42.3275299072266
Africa Western and Central,AFW,2020.0,43.326961517334
Albania,ALB,2020.0,92.2998271538817
Andorra,AND,2020.0,96.9991226196289
Arab World,ARB,2020.0,66.1664199829102
United Arab Emirates,ARE,2020.0,99.1370929452638
Argentina,ARG,2020.0,115.878791809082
Armenia,ARM,2020.0,87.5163440721926
Australia,AUS,2020.0,135.490798950195
Austria,AUT,2020.0,100.287178039551
Azerbaijan,AZE,2020.0,90.4353484324383
Burundi,BDI,2020.0,49.2576387332398
Belgium,BEL,2020.0,160.896133422852
Benin,BEN,2020.0,39.4178810119629
Burkina Faso,BFA,2020.0,40.2090461523707
Bangladesh,BGD,2020.0,71.128750711381
Bulgaria,BGR,2020.0,100.332641601562
Bosnia and Herzegovina,BIH,2020.0,87.7414093017578
Belarus,BLR,2020.0,99.9308910788603
Belize,BLZ,2020.0,87.8505494505495
Bolivia,BOL,2020.0,88.4047972829548
Brazil,BRA,2020.0,106.353302001953
Barbados,BRB,2020.0,105.184692382812
Brunei Darussalam,BRN,2020.0,89.4443214522913
Bhutan,BTN,2020.0,97.5008417517849
Canada,CAN,2020.0,110.553207397461
Central Europe and the Baltics,CEB,2020.0,102.413429260254
Switzerland,CHE,2020.0,102.080001831055
Chile,CHL,2020.0,103.239501953125
Cote d'Ivoire,CIV,2020.0,51.9265625097734
Colombia,COL,2020.0,103.599342346191
Cabo Verde,CPV,2020.0,106.038487060385
Costa Rica,CRI,2020.0,137.818099975586
Caribbean small states,CSS,2020.0,88.2120513916016
Cuba,CUB,2020.0,102.091444168153
Curacao,CUW,2020.0,139.717813051146
Cayman Islands,CYM,2020.0,84.5747222900391
Cyprus,CYP,2020.0,102.048797607422
Czechia,CZE,2020.0,99.9065322875977
Germany,DEU,2020.0,97.8931121826172
Dominica,DMA,2020.0,103.190559387207
Denmark,DNK,2020.0,129.851684570312
Dominican Republic,DOM,2020.0,83.4156580342242
East Asia & Pacific (excluding high income),EAP,2020.0,89.6240463256836
Early-demographic dividend,EAR,2020.0,75.2726287841797
East Asia & Pacific,EAS,2020.0,90.8184967041016
Europe & Central Asia (excluding high income),ECA,2020.0,97.725212097168
Europe & Central Asia,ECS,2020.0,102.877738952637
Ecuador,ECU,2020.0,96.0492095947266
"Egypt, Arab Rep.",EGY,2020.0,78.4118910481273
Euro area,EMU,2020.0,108.211967468262
Spain,ESP,2020.0,119.971183776855
Estonia,EST,2020.0,115.08674621582
European Union,EUU,2020.0,108.042427062988
Fragile and conflict affected situations,FCS,2020.0,43.7159309387207
Finland,FIN,2020.0,149.881484985352
Fiji,FJI,2020.0,93.3745574951172
France,FRA,2020.0,104.657997131348
United Kingdom,GBR,2020.0,116.565010070801
Georgia,GEO,2020.0,105.57885771221
Ghana,GHA,2020.0,73.2758030599046
Gibraltar,GIB,2020.0,98.175178527832
Greece,GRC,2020.0,102.624420166016
Grenada,GRD,2020.0,105.387205387205
Guatemala,GTM,2020.0,50.8073127066553
Guyana,GUY,2020.0,90.3541412353516
High income,HIC,2020.0,103.970611572266
"Hong Kong SAR, China",HKG,2020.0,97.6744464392579
Honduras,HND,2020.0,62.3465596528451
Heavily indebted poor countries (HIPC),HPC,2020.0,38.8707695007324
Croatia,HRV,2020.0,108.669891357422
Hungary,HUN,2020.0,101.485832214355
IBRD only,IBD,2020.0,86.6853408813477
IDA & IBRD total,IBT,2020.0,72.4409027099609
IDA total,IDA,2020.0,46.633918762207
IDA blend,IDB,2020.0,44.8260612487793
Indonesia,IDN,2020.0,97.2526258977195
IDA only,IDX,2020.0,47.7692413330078
India,IND,2020.0,76.5541213427966
Ireland,IRL,2020.0,140.086166381836
"Iran, Islamic Rep.",IRN,2020.0,84.9604034423828
Iceland,ISL,2020.0,108.87816619873
Israel,ISR,2020.0,98.5995178222656
Italy,ITA,2020.0,101.073577880859
Jamaica,JAM,2020.0,83.5566101074219
Jordan,JOR,2020.0,93.0858429614664
Japan,JPN,2020.0,101.33186340332
Kazakhstan,KAZ,2020.0,91.6816314447458
Kyrgyz Republic,KGZ,2020.0,92.1680769300161
Cambodia,KHM,2020.0,54.5285415649414
St. Kitts and Nevis,KNA,2020.0,108.363636363636
"Korea, Rep.",KOR,2020.0,96.619010925293
Latin America & Caribbean (excluding high income),LAC,2020.0,99.8733215332031
Lao PDR,LAO,2020.0,60.6465219892194
Lebanon,LBN,2020.0,70.2938677645431
Liberia,LBR,2020.0,37.0220985412598
St. Lucia,LCA,2020.0,89.3361511230469
Latin America & Caribbean,LCN,2020.0,99.7190017700195
Least developed countries: UN classification,LDC,2020.0,45.5225601196289
Low income,LIC,2020.0,36.8219184875488
Liechtenstein,LIE,2020.0,110.204078674316
Lower middle income,LMC,2020.0,66.4716873168945
Low & middle income,LMY,2020.0,72.1600036621094
Late-demographic dividend,LTE,2020.0,93.2326507568359
Lithuania,LTU,2020.0,105.823112487793
Luxembourg,LUX,2020.0,107.652420043945
Latvia,LVA,2020.0,106.199699401855
"Macao SAR, China",MAC,2020.0,89.9859154929577
Morocco,MAR,2020.0,78.1902667388164
Moldova,MDA,2020.0,95.901275750102
Maldives,MDV,2020.0,77.4476047904192
"Middle East, North Africa, Afghanistan & Pakistan",MEA,2020.0,57.9312705993652
Mexico,MEX,2020.0,107.480339050293
Marshall Islands,MHL,2020.0,99.9664654594232
Middle income,MIC,2020.0,77.6914901733398
North Macedonia,MKD,2020.0,81.9225616455078
Malta,MLT,2020.0,102.992401123047
Montenegro,MNE,2020.0,92.7898330688477
Mongolia,MNG,2020.0,99.0120395114876
Mauritania,MRT,2020.0,36.1789325617578
Mauritius,MUS,2020.0,91.3439926033381
Malawi,MWI,2020.0,43.9545178667563
Malaysia,MYS,2020.0,77.4047622680664
North America,NAC,2020.0,100.397407531738
Namibia,NAM,2020.0,87.2617411950085
Nigeria,NGA,2020.0,43.9140815734863
Netherlands,NLD,2020.0,136.940444946289
Norway,NOR,2020.0,117.254188537598
Nepal,NPL,2020.0,87.491828918457
Nauru,NRU,2020.0,86.9172897338867
New Zealand,NZL,2020.0,120.29231262207
OECD members,OED,2020.0,106.777572631836
Oman,OMN,2020.0,93.5329595650697
Other small states,OSS,2020.0,74.9267196655273
Peru,PER,2020.0,100.080932617188
Philippines,PHL,2020.0,89.6099009594054
Palau,PLW,2020.0,160.326889038086
Papua New Guinea,PNG,2020.0,40.4603408609418
Poland,POL,2020.0,112.317840576172
Pre-demographic dividend,PRE,2020.0,40.4143104553223
Portugal,PRT,2020.0,118.972717285156
Paraguay,PRY,2020.0,88.6356499895332
West Bank and Gaza,PSE,2020.0,92.3509100224999
Pacific island small states,PSS,2020.0,75.3268508911133
Post-demographic dividend,PST,2020.0,104.928176879883
Qatar,QAT,2020.0,104.936542983826
Romania,ROU,2020.0,86.8440933227539
Russian Federation,RUS,2020.0,91.1345354950116
South Asia,SAS,2020.0,76.702880859375
Saudi Arabia,SAU,2020.0,103.703644184464
Senegal,SEN,2020.0,48.7408134468399
Singapore,SGP,2020.0,102.619251241336
Sierra Leone,SLE,2020.0,62.9357109069824
El Salvador,SLV,2020.0,66.5137094782116
San Marino,SMR,2020.0,59.9095704596835
Serbia,SRB,2020.0,93.3936004638672
Sub-Saharan Africa (excluding high income),SSA,2020.0,42.7509613037109
Sub-Saharan Africa,SSF,2020.0,42.7530403137207
Small states,SST,2020.0,76.861701965332
Slovak Republic,SVK,2020.0,91.6913375854492
Slovenia,SVN,2020.0,111.227478027344
Sweden,SWE,2020.0,143.369766235352
Seychelles,SYC,2020.0,102.862543883338
Syrian Arab Republic,SYR,2020.0,40.9866714477539
Turks and Caicos Islands,TCA,2020.0,81.2965722801788
East Asia & Pacific (IDA & IBRD countries),TEA,2020.0,89.5575103759766
Europe & Central Asia (IDA & IBRD countries),TEC,2020.0,96.9749603271484
Thailand,THA,2020.0,86.5028787913307
Tajikistan,TJK,2020.0,84.0353803669802
Turkmenistan,TKM,2020.0,87.9286483161618
Latin America & the Caribbean (IDA & IBRD countries),TLA,2020.0,99.6935195922852
Timor-Leste,TLS,2020.0,89.3942621030436
Tonga,TON,2020.0,96.1400359066427
South Asia (IDA & IBRD),TSA,2020.0,76.702880859375
Sub-Saharan Africa (IDA & IBRD countries),TSS,2020.0,42.7530403137207
Turkiye,TUR,2020.0,111.511711120605
Tuvalu,TUV,2020.0,79.6899224806202
Tanzania,TZA,2020.0,32.1652787700855
Ukraine,UKR,2020.0,84.7870132572542
Upper middle income,UMC,2020.0,95.6853103637695
Uruguay,URY,2020.0,123.152969360352
United States,USA,2020.0,99.4142990112305
Uzbekistan,UZB,2020.0,90.407816338473
St. Vincent and the Grenadines,VCT,2020.0,129.2984869326
British Virgin Islands,VGB,2020.0,71.6428571428571
Viet Nam,VNM,2020.0,89.4501554566878
Vanuatu,VUT,2020.0,62.0561790466309
World,WLD,2020.0,75.8665008544922
South Africa,ZAF,2020.0,108.468464029139
Aruba,ABW,2021.0,135.442672729492
Africa Eastern and Southern,AFE,2021.0,42.7693405151367
Africa Western and Central,AFW,2021.0,44.3946685791016
Angola,AGO,2021.0,49.4286274279557
Albania,ALB,2021.0,94.3556604734894
Andorra,AND,2021.0,98.0232086181641
Arab World,ARB,2021.0,66.8292694091797
United Arab Emirates,ARE,2021.0,102.068631287595
Argentina,ARG,2021.0,119.181510925293
Armenia,ARM,2021.0,89.5961159583451
Australia,AUS,2021.0,133.347183227539
Austria,AUT,2021.0,101.08470916748
Azerbaijan,AZE,2021.0,90.4878029868337
Belgium,BEL,2021.0,150.585006713867
Benin,BEN,2021.0,40.2546501159668
Burkina Faso,BFA,2021.0,40.1334643135395
Bangladesh,BGD,2021.0,75.089641669915
Bulgaria,BGR,2021.0,97.4684524536133
"Bahamas, The",BHS,2021.0,74.0372670807453
Bosnia and Herzegovina,BIH,2021.0,87.8970108032227
Belarus,BLR,2021.0,99.8514568766293
Belize,BLZ,2021.0,90.1186996190982
Bolivia,BOL,2021.0,90.1926069467688
Brazil,BRA,2021.0,110.021629333496
Barbados,BRB,2021.0,104.736427307129
Bhutan,BTN,2021.0,100.878047817838
Botswana,BWA,2021.0,74.0652465820312
Canada,CAN,2021.0,109.483619689941
Central Europe and the Baltics,CEB,2021.0,101.258842468262
Switzerland,CHE,2021.0,101.687019348145
Chile,CHL,2021.0,106.125999450684
Cote d'Ivoire,CIV,2021.0,54.4109890656109
Cameroon,CMR,2021.0,42.6115884063623
"Congo, Dem. Rep.",COD,2021.0,42.9527015686035
Colombia,COL,2021.0,105.227256774902
Cabo Verde,CPV,2021.0,104.706914193831
Costa Rica,CRI,2021.0,146.792526245117
Caribbean small states,CSS,2021.0,88.1179504394531
Cuba,CUB,2021.0,99.8342771913984
Cayman Islands,CYM,2021.0,84.5653184565318
Cyprus,CYP,2021.0,102.309028625488
Czechia,CZE,2021.0,102.618659973145
Germany,DEU,2021.0,98.0514907836914
Dominica,DMA,2021.0,101.098901098901
Denmark,DNK,2021.0,131.364761352539
Dominican Republic,DOM,2021.0,79.2421801882118
East Asia & Pacific (excluding high income),EAP,2021.0,90.2519989013672
Early-demographic dividend,EAR,2021.0,76.0862274169922
East Asia & Pacific,EAS,2021.0,91.3720321655273
Europe & Central Asia (excluding high income),ECA,2021.0,97.605842590332
Europe & Central Asia,ECS,2021.0,102.760871887207
Ecuador,ECU,2021.0,95.8818069146481
"Egypt, Arab Rep.",EGY,2021.0,80.3491927630684
Euro area,EMU,2021.0,108.343849182129
Spain,ESP,2021.0,122.149238586426
Estonia,EST,2021.0,115.217590332031
European Union,EUU,2021.0,107.97386932373
Fragile and conflict affected situations,FCS,2021.0,44.2586288452148
Finland,FIN,2021.0,150.98811340332
Fiji,FJI,2021.0,94.6174004192872
France,FRA,2021.0,104.648162841797
United Kingdom,GBR,2021.0,115.857772827148
Georgia,GEO,2021.0,103.428793170353
Ghana,GHA,2021.0,75.6377570946198
Gibraltar,GIB,2021.0,97.8042068481445
"Gambia, The",GMB,2021.0,116.372766553778
Greece,GRC,2021.0,103.454742431641
Grenada,GRD,2021.0,102.901307966706
Guatemala,GTM,2021.0,48.1472917509683
Guyana,GUY,2021.0,89.7333602905273
High income,HIC,2021.0,104.476928710938
"Hong Kong SAR, China",HKG,2021.0,97.5304295942721
Honduras,HND,2021.0,60.2124453124399
Heavily indebted poor countries (HIPC),HPC,2021.0,39.1958198547363
Croatia,HRV,2021.0,108.876899719238
Hungary,HUN,2021.0,99.3371276855469
IBRD only,IBD,2021.0,87.8183670043945
IDA & IBRD total,IBT,2021.0,73.100212097168
IDA total,IDA,2021.0,46.8494491577148
IDA blend,IDB,2021.0,45.2309188842773
Indonesia,IDN,2021.0,98.3041172391285
IDA only,IDX,2021.0,47.9491500854492
India,IND,2021.0,78.4542146302356
Ireland,IRL,2021.0,138.651184082031
Iceland,ISL,2021.0,112.999610900879
Israel,ISR,2021.0,99.3400192260742
Italy,ITA,2021.0,101.245712280273
Jamaica,JAM,2021.0,86.6220377560584
Jordan,JOR,2021.0,92.8440273185155
Japan,JPN,2021.0,101.723770141602
Kazakhstan,KAZ,2021.0,93.9223187700412
Kenya,KEN,2021.0,79.6603133999262
Kyrgyz Republic,KGZ,2021.0,93.1961318508701
Cambodia,KHM,2021.0,59.1888520896695
Kiribati,KIR,2021.0,93.4636603502039
St. Kitts and Nevis,KNA,2021.0,118.408256530762
"Korea, Rep.",KOR,2021.0,97.7645034790039
Latin America & Caribbean (excluding high income),LAC,2021.0,100.721496582031
Lao PDR,LAO,2021.0,58.3834691492585
Lebanon,LBN,2021.0,71.177412177286
Latin America & Caribbean,LCN,2021.0,100.688407897949
Least developed countries: UN classification,LDC,2021.0,45.6659317016602
Low income,LIC,2021.0,37.4900817871094
Liechtenstein,LIE,2021.0,109.090911865234
Sri Lanka,LKA,2021.0,91.9800637956542
Lower middle income,LMC,2021.0,67.2521286010742
Low & middle income,LMY,2021.0,72.8236770629883
Late-demographic dividend,LTE,2021.0,94.1037292480469
Lithuania,LTU,2021.0,104.426818847656
Luxembourg,LUX,2021.0,107.486389160156
Latvia,LVA,2021.0,106.540283203125
"Macao SAR, China",MAC,2021.0,88.92
Morocco,MAR,2021.0,79.2970919837523
Moldova,MDA,2021.0,96.2182041066503
Madagascar,MDG,2021.0,35.2580222250234
"Middle East, North Africa, Afghanistan & Pakistan",MEA,2021.0,58.5643081665039
Mexico,MEX,2021.0,103.972526550293
Marshall Islands,MHL,2021.0,101.538987688099
Middle income,MIC,2021.0,78.4491119384766
North Macedonia,MKD,2021.0,84.2663116455078
Malta,MLT,2021.0,102.578468322754
Montenegro,MNE,2021.0,93.8239974975586
Mongolia,MNG,2021.0,101.767368447062
Malawi,MWI,2021.0,36.1013396035833
Malaysia,MYS,2021.0,78.5013407999187
North America,NAC,2021.0,102.064552307129
Namibia,NAM,2021.0,87.1498788500333
Nigeria,NGA,2021.0,45.1787605285645
Netherlands,NLD,2021.0,136.865417480469
Norway,NOR,2021.0,117.828887939453
Nepal,NPL,2021.0,85.6409873713909
New Zealand,NZL,2021.0,120.655471801758
OECD members,OED,2021.0,107.016960144043
Oman,OMN,2021.0,93.2710477870208
Other small states,OSS,2021.0,75.5489273071289
Pakistan,PAK,2021.0,36.7848892672203
Peru,PER,2021.0,102.32568359375
Philippines,PHL,2021.0,87.9361520075232
Palau,PLW,2021.0,105.06512301013
Papua New Guinea,PNG,2021.0,48.9409565731442
Poland,POL,2021.0,109.834098815918
Pre-demographic dividend,PRE,2021.0,41.0802612304688
Portugal,PRT,2021.0,119.506401062012
Paraguay,PRY,2021.0,91.6603622436523
West Bank and Gaza,PSE,2021.0,92.9705244906805
Pacific island small states,PSS,2021.0,76.0806198120117
Post-demographic dividend,PST,2021.0,105.48853302002
Qatar,QAT,2021.0,94.4009874257502
Romania,ROU,2021.0,86.4143218994141
Russian Federation,RUS,2021.0,91.4263276032683
Rwanda,RWA,2021.0,47.0146410981496
South Asia,SAS,2021.0,78.1247634887695
Saudi Arabia,SAU,2021.0,102.31567264971
Senegal,SEN,2021.0,50.1069716907194
Singapore,SGP,2021.0,102.820483763331
Sierra Leone,SLE,2021.0,74.4143295288086
El Salvador,SLV,2021.0,67.7409182456172
San Marino,SMR,2021.0,59.5874713521772
Serbia,SRB,2021.0,93.580436706543
Sub-Saharan Africa (excluding high income),SSA,2021.0,43.4608612060547
Sub-Saharan Africa,SSF,2021.0,43.4628715515137
Small states,SST,2021.0,77.3530426025391
Suriname,SUR,2021.0,70.7176818847656
Slovak Republic,SVK,2021.0,91.8019866943359
Slovenia,SVN,2021.0,108.541328430176
Sweden,SWE,2021.0,146.834045410156
Seychelles,SYC,2021.0,104.619930163846
Syrian Arab Republic,SYR,2021.0,41.2969818115234
Turks and Caicos Islands,TCA,2021.0,87.9500427246094
Chad,TCD,2021.0,17.2672329408201
East Asia & Pacific (IDA & IBRD countries),TEA,2021.0,90.1944808959961
Europe & Central Asia (IDA & IBRD countries),TEC,2021.0,96.7162628173828
Togo,TGO,2021.0,56.962123807999
Thailand,THA,2021.0,88.4176900305973
Tajikistan,TJK,2021.0,84.6863463051504
Turkmenistan,TKM,2021.0,90.9738998413086
Latin America & the Caribbean (IDA & IBRD countries),TLA,2021.0,100.692810058594
Tonga,TON,2021.0,106.296201886311
South Asia (IDA & IBRD),TSA,2021.0,78.1247634887695
Sub-Saharan Africa (IDA & IBRD countries),TSS,2021.0,43.4628715515137
Turkiye,TUR,2021.0,113.14852142334
Tuvalu,TUV,2021.0,96.5023847376789
Tanzania,TZA,2021.0,29.2047595977783
Ukraine,UKR,2021.0,85.0508078338962
Upper middle income,UMC,2021.0,96.4112930297852
Uruguay,URY,2021.0,127.390487491348
United States,USA,2021.0,101.344367980957
Uzbekistan,UZB,2021.0,96.6067427080091
St. Vincent and the Grenadines,VCT,2021.0,130.800877674164
British Virgin Islands,VGB,2021.0,71.9810040705563
Viet Nam,VNM,2021.0,90.3080638471257
Vanuatu,VUT,2021.0,64.2566909790039
World,WLD,2021.0,76.4972991943359
South Africa,ZAF,2021.0,111.094585540701
Aruba,ABW,2022.0,140.441833496094
Africa Eastern and Southern,AFE,2022.0,42.9131698608398
Africa Western and Central,AFW,2022.0,44.9384689331055
Albania,ALB,2022.0,93.2280956589459
Andorra,AND,2022.0,98.0160369873047
Arab World,ARB,2022.0,68.3780136108398
United Arab Emirates,ARE,2022.0,98.9789962768555
Argentina,ARG,2022.0,117.566009521484
Armenia,ARM,2022.0,90.1215425051106
Antigua and Barbuda,ATG,2022.0,107.737361282367
Australia,AUS,2022.0,130.563079833984
Austria,AUT,2022.0,100.453628540039
Azerbaijan,AZE,2022.0,88.7876201854696
Belgium,BEL,2022.0,151.826583862305
Benin,BEN,2022.0,40.2818489074707
Burkina Faso,BFA,2022.0,36.1300743115017
Bangladesh,BGD,2022.0,72.2731144156835
Bulgaria,BGR,2022.0,95.5302886962891
Bahrain,BHR,2022.0,106.466008925534
Bosnia and Herzegovina,BIH,2022.0,89.2550964355469
Belarus,BLR,2022.0,97.7828329479802
Belize,BLZ,2022.0,89.0278593037432
Bolivia,BOL,2022.0,90.3370506966397
Brazil,BRA,2022.0,108.587013244629
Barbados,BRB,2022.0,106.201553344727
Bhutan,BTN,2022.0,98.562791614893
Canada,CAN,2022.0,108.356742858887
Central Europe and the Baltics,CEB,2022.0,99.9802322387695
Switzerland,CHE,2022.0,101.519386291504
Chile,CHL,2022.0,105.129852294922
Cote d'Ivoire,CIV,2022.0,52.166846663702
Cameroon,CMR,2022.0,43.2072311629303
Colombia,COL,2022.0,103.587738037109
Comoros,COM,2022.0,56.4125595092773
Cabo Verde,CPV,2022.0,103.582593697222
Costa Rica,CRI,2022.0,138.920425415039
Caribbean small states,CSS,2022.0,86.8843231201172
Cuba,CUB,2022.0,104.243159338676
Cayman Islands,CYM,2022.0,84.132682800293
Cyprus,CYP,2022.0,103.748672485352
Czechia,CZE,2022.0,103.715873718262
Germany,DEU,2022.0,97.7000427246094
Dominica,DMA,2022.0,100.132102966309
Denmark,DNK,2022.0,129.684188842773
Dominican Republic,DOM,2022.0,80.1246063749448
Algeria,DZA,2022.0,106.153022766113
East Asia & Pacific (excluding high income),EAP,2022.0,91.0241012573242
Early-demographic dividend,EAR,2022.0,77.3045883178711
East Asia & Pacific,EAS,2022.0,92.0620269775391
Europe & Central Asia (excluding high income),ECA,2022.0,98.3514022827148
Europe & Central Asia,ECS,2022.0,102.949150085449
Ecuador,ECU,2022.0,95.6203503719702
Euro area,EMU,2022.0,108.541839599609
Eritrea,ERI,2022.0,40.2760810852051
Spain,ESP,2022.0,122.008041381836
Estonia,EST,2022.0,114.788101196289
European Union,EUU,2022.0,107.83553314209
Fragile and conflict affected situations,FCS,2022.0,44.5880584716797
Finland,FIN,2022.0,153.241073608398
Fiji,FJI,2022.0,96.1407038662342
France,FRA,2022.0,104.633659362793
United Kingdom,GBR,2022.0,115.081817626953
Georgia,GEO,2022.0,100.530264984786
Ghana,GHA,2022.0,77.9574778013858
Gibraltar,GIB,2022.0,70.1354675292969
Greece,GRC,2022.0,105.123413085938
Guatemala,GTM,2022.0,46.8427646987635
High income,HIC,2022.0,104.096839904785
"Hong Kong SAR, China",HKG,2022.0,103.838896020539
Honduras,HND,2022.0,59.2098503112793
Heavily indebted poor countries (HIPC),HPC,2022.0,39.2724304199219
Croatia,HRV,2022.0,108.496017456055
Hungary,HUN,2022.0,102.312553405762
IBRD only,IBD,2022.0,88.8826370239258
IDA & IBRD total,IBT,2022.0,73.7423477172852
IDA total,IDA,2022.0,47.1027297973633
IDA blend,IDB,2022.0,45.8226890563965
Indonesia,IDN,2022.0,98.185474262024
IDA only,IDX,2022.0,47.9579582214355
India,IND,2022.0,80.4518698611689
Ireland,IRL,2022.0,136.129119873047
"Iran, Islamic Rep.",IRN,2022.0,85.9843673706055
Iceland,ISL,2022.0,110.178550720215
Israel,ISR,2022.0,98.9096984863281
Italy,ITA,2022.0,100.924369812012
Jamaica,JAM,2022.0,82.8671722412109
Jordan,JOR,2022.0,93.4988532874014
Japan,JPN,2022.0,101.571006774902
Kazakhstan,KAZ,2022.0,93.6981837228001
Kenya,KEN,2022.0,83.4337197590316
Cambodia,KHM,2022.0,59.850293235261
Kiribati,KIR,2022.0,95.0484764542936
St. Kitts and Nevis,KNA,2022.0,115.003099814011
"Korea, Rep.",KOR,2022.0,97.5669174194336
Latin America & Caribbean (excluding high income),LAC,2022.0,100.081932067871
Lao PDR,LAO,2022.0,55.9171927545616
Lebanon,LBN,2022.0,68.0329956698082
St. Lucia,LCA,2022.0,91.6141891479492
Latin America & Caribbean,LCN,2022.0,100.203941345215
Least developed countries: UN classification,LDC,2022.0,45.675838470459
Low income,LIC,2022.0,37.7314682006836
Sri Lanka,LKA,2022.0,90.6491955714904
Lower middle income,LMC,2022.0,68.3247604370117
Low & middle income,LMY,2022.0,73.4827575683594
Late-demographic dividend,LTE,2022.0,94.3606567382812
Lithuania,LTU,2022.0,105.173408508301
Luxembourg,LUX,2022.0,109.018447875977
Latvia,LVA,2022.0,105.172348022461
"Macao SAR, China",MAC,2022.0,89.5705128205128
Morocco,MAR,2022.0,83.2706329144956
Moldova,MDA,2022.0,97.3920322268435
Maldives,MDV,2022.0,79.1463748290014
"Middle East, North Africa, Afghanistan & Pakistan",MEA,2022.0,59.6928901672363
Mexico,MEX,2022.0,104.8212890625
Marshall Islands,MHL,2022.0,97.5043334960938
Middle income,MIC,2022.0,79.257942199707
North Macedonia,MKD,2022.0,91.6712875366211
Malta,MLT,2022.0,102.699798583984
Montenegro,MNE,2022.0,93.450813293457
Mongolia,MNG,2022.0,96.3042193568297
Malawi,MWI,2022.0,35.8626281732909
Malaysia,MYS,2022.0,82.2986504789168
North America,NAC,2022.0,99.5094299316406
Namibia,NAM,2022.0,86.1980083129179
Netherlands,NLD,2022.0,140.989440917969
Norway,NOR,2022.0,117.932258605957
Nepal,NPL,2022.0,84.9171356280891
Nauru,NRU,2022.0,100.421348571777
New Zealand,NZL,2022.0,117.863876342773
OECD members,OED,2022.0,106.403388977051
Oman,OMN,2022.0,91.191469277966
Other small states,OSS,2022.0,75.7426071166992
Pakistan,PAK,2022.0,37.4490104990348
Peru,PER,2022.0,103.652191162109
Philippines,PHL,2022.0,93.8565182415521
Palau,PLW,2022.0,88.5593220338983
Poland,POL,2022.0,107.567939758301
Pre-demographic dividend,PRE,2022.0,41.452709197998
Portugal,PRT,2022.0,121.729446411133
Paraguay,PRY,2022.0,87.3263168334961
West Bank and Gaza,PSE,2022.0,92.7547421358175
Pacific island small states,PSS,2022.0,80.4202423095703
Post-demographic dividend,PST,2022.0,104.618598937988
Qatar,QAT,2022.0,103.828099708644
Romania,ROU,2022.0,83.2872314453125
Russian Federation,RUS,2022.0,91.9435067815037
Rwanda,RWA,2022.0,47.5004278023246
South Asia,SAS,2022.0,79.9995727539062
Saudi Arabia,SAU,2022.0,120.79801594321
Senegal,SEN,2022.0,51.0293572947889
Singapore,SGP,2022.0,102.73547410258
El Salvador,SLV,2022.0,68.410512155513
San Marino,SMR,2022.0,59.4007490636704
Serbia,SRB,2022.0,95.2010726928711
Sub-Saharan Africa (excluding high income),SSA,2022.0,43.7772483825684
Sub-Saharan Africa,SSF,2022.0,43.7793312072754
Small states,SST,2022.0,77.6589813232422
Suriname,SUR,2022.0,78.089997077636
Slovak Republic,SVK,2022.0,92.8732299804688
Slovenia,SVN,2022.0,108.789093017578
Sweden,SWE,2022.0,148.988021850586
Seychelles,SYC,2022.0,78.1369548584545
Syrian Arab Republic,SYR,2022.0,42.0501708984375
Turks and Caicos Islands,TCA,2022.0,95.5202331542969
East Asia & Pacific (IDA & IBRD countries),TEA,2022.0,90.9774169921875
Europe & Central Asia (IDA & IBRD countries),TEC,2022.0,96.9985275268555
Thailand,THA,2022.0,94.929673800743
Tajikistan,TJK,2022.0,85.1438254472206
Turkmenistan,TKM,2022.0,93.1647186279297
Latin America & the Caribbean (IDA & IBRD countries),TLA,2022.0,100.131057739258
Tonga,TON,2022.0,101.076767164935
South Asia (IDA & IBRD),TSA,2022.0,79.9995727539062
Sub-Saharan Africa (IDA & IBRD countries),TSS,2022.0,43.7793312072754
Turkiye,TUR,2022.0,114.45539855957
Tuvalu,TUV,2022.0,100.0
Upper middle income,UMC,2022.0,96.6962585449219
Uruguay,URY,2022.0,128.742960061751
United States,USA,2022.0,98.6511611938477
Uzbekistan,UZB,2022.0,96.8054259764286
St. Vincent and the Grenadines,VCT,2022.0,130.509846236849
"Venezuela, RB",VEN,2022.0,100.249549865723
British Virgin Islands,VGB,2022.0,70.318733215332
Viet Nam,VNM,2022.0,90.5445572317873
Vanuatu,VUT,2022.0,82.8080237164725
World,WLD,2022.0,77.0481109619141
South Africa,ZAF,2022.0,108.68396751263
Afghanistan,AFG,2023.0,45.1596908569336
Africa Western and Central,AFW,2023.0,46.1132011413574
Angola,AGO,2023.0,48.1175394651696
Albania,ALB,2023.0,92.6682931237011
Andorra,AND,2023.0,99.4687423706055
Arab World,ARB,2023.0,67.6763610839844
United Arab Emirates,ARE,2023.0,102.195120776205
Argentina,ARG,2023.0,107.980730920017
Armenia,ARM,2023.0,88.2232017685754
Antigua and Barbuda,ATG,2023.0,109.004008633981
Australia,AUS,2023.0,131.09733581543
Austria,AUT,2023.0,99.5390701293945
Azerbaijan,AZE,2023.0,90.9502304680864
Belgium,BEL,2023.0,152.577819824219
Burkina Faso,BFA,2023.0,33.6455886002101
Bangladesh,BGD,2023.0,71.5461976300242
Bulgaria,BGR,2023.0,94.6070022583008
Bahrain,BHR,2023.0,101.916572717024
"Bahamas, The",BHS,2023.0,95.1823072325164
Bosnia and Herzegovina,BIH,2023.0,90.4367218017578
Belarus,BLR,2023.0,97.184372562362
Belize,BLZ,2023.0,84.5732792044884
Bermuda,BMU,2023.0,79.9730606079102
Bolivia,BOL,2023.0,91.2883197233107
Barbados,BRB,2023.0,104.055282592773
Brunei Darussalam,BRN,2023.0,93.2725572697522
Bhutan,BTN,2023.0,94.91450020137
Canada,CAN,2023.0,104.46174621582
Central Europe and the Baltics,CEB,2023.0,99.3405303955078
Switzerland,CHE,2023.0,101.31884765625
Chile,CHL,2023.0,104.630210876465
Cote d'Ivoire,CIV,2023.0,63.094766197367
Cameroon,CMR,2023.0,42.4944197803389
Costa Rica,CRI,2023.0,130.602096557617
Caribbean small states,CSS,2023.0,87.5298004150391
Cuba,CUB,2023.0,96.3481332918381
Curacao,CUW,2023.0,128.630460448642
Cayman Islands,CYM,2023.0,86.5183246073298
Cyprus,CYP,2023.0,105.460327148438
Czechia,CZE,2023.0,98.0195083618164
Germany,DEU,2023.0,97.6778869628906
Dominica,DMA,2023.0,96.3274307250977
Denmark,DNK,2023.0,126.258628845215
Dominican Republic,DOM,2023.0,79.048372719494
Algeria,DZA,2023.0,103.220718383789
East Asia & Pacific (excluding high income),EAP,2023.0,91.7414016723633
Early-demographic dividend,EAR,2023.0,77.2803115844727
East Asia & Pacific,EAS,2023.0,92.7077789306641
Europe & Central Asia (excluding high income),ECA,2023.0,98.6402130126953
Europe & Central Asia,ECS,2023.0,102.52490234375
Ecuador,ECU,2023.0,94.1827583420861
"Egypt, Arab Rep.",EGY,2023.0,83.0465220652019
Euro area,EMU,2023.0,108.208801269531
Spain,ESP,2023.0,120.571983337402
Estonia,EST,2023.0,110.660980224609
European Union,EUU,2023.0,107.276847839355
Fragile and conflict affected situations,FCS,2023.0,44.5917892456055
Finland,FIN,2023.0,151.367446899414
Fiji,FJI,2023.0,99.1709898140329
France,FRA,2023.0,104.395561218262
United Kingdom,GBR,2023.0,113.658416748047
Georgia,GEO,2023.0,99.8475609756098
Gibraltar,GIB,2023.0,75.0780762023735
Greece,GRC,2023.0,104.025230407715
Guatemala,GTM,2023.0,48.2479657338074
Guyana,GUY,2023.0,84.2535171508789
High income,HIC,2023.0,103.020812988281
Honduras,HND,2023.0,59.4406700134277
Heavily indebted poor countries (HIPC),HPC,2023.0,39.5125999450684
Croatia,HRV,2023.0,108.546096801758
Hungary,HUN,2023.0,104.916549682617
IBRD only,IBD,2023.0,88.590690612793
IDA & IBRD total,IBT,2023.0,73.7175903320312
IDA total,IDA,2023.0,47.9449806213379
IDA blend,IDB,2023.0,48.4693908691406
Indonesia,IDN,2023.0,97.4046705284819
IDA only,IDX,2023.0,48.0615310668945
India,IND,2023.0,78.7503140925354
"Iran, Islamic Rep.",IRN,2023.0,86.1972427368164
Iceland,ISL,2023.0,106.320831298828
Israel,ISR,2023.0,99.5341491699219
Italy,ITA,2023.0,100.401916503906
Jamaica,JAM,2023.0,85.6044566148171
Jordan,JOR,2023.0,93.1909358247647
Japan,JPN,2023.0,101.637001037598
Kazakhstan,KAZ,2023.0,94.8671029040021
Kenya,KEN,2023.0,84.7505339840655
Kyrgyz Republic,KGZ,2023.0,92.1027509613575
Cambodia,KHM,2023.0,60.3343523907692
Kiribati,KIR,2023.0,100.551571980143
St. Kitts and Nevis,KNA,2023.0,130.727762803234
"Korea, Rep.",KOR,2023.0,95.9690704345703
Latin America & Caribbean (excluding high income),LAC,2023.0,100.380447387695
Lao PDR,LAO,2023.0,53.2568302183413
Lebanon,LBN,2023.0,66.7372772721446
St. Lucia,LCA,2023.0,90.5332412719727
Latin America & Caribbean,LCN,2023.0,100.538856506348
Least developed countries: UN classification,LDC,2023.0,45.4348487854004
Sri Lanka,LKA,2023.0,90.4491165297148
Lower middle income,LMC,2023.0,68.203498840332
Low & middle income,LMY,2023.0,73.4478607177734
Late-demographic dividend,LTE,2023.0,94.5393371582031
Lithuania,LTU,2023.0,104.355499267578
Luxembourg,LUX,2023.0,108.685668945312
Latvia,LVA,2023.0,102.485107421875
"Macao SAR, China",MAC,2023.0,91.7987421383648
Morocco,MAR,2023.0,87.2227171713839
Moldova,MDA,2023.0,96.9969097488181
Maldives,MDV,2023.0,84.9893523087311
"Middle East, North Africa, Afghanistan & Pakistan",MEA,2023.0,61.6829414367676
Mexico,MEX,2023.0,108.700912475586
Marshall Islands,MHL,2023.0,96.0382030420941
Middle income,MIC,2023.0,79.3529586791992
North Macedonia,MKD,2023.0,90.173713684082
Mali,MLI,2023.0,37.1307560416794
Malta,MLT,2023.0,103.851119995117
Montenegro,MNE,2023.0,95.1452331542969
Mongolia,MNG,2023.0,99.3672996596348
Malawi,MWI,2023.0,37.2564052253575
Malaysia,MYS,2023.0,82.6422941806466
North America,NAC,2023.0,97.2571105957031
Namibia,NAM,2023.0,86.2067962132394
Niger,NER,2023.0,20.6873224974982
Nigeria,NGA,2023.0,47.4061508178711
Nicaragua,NIC,2023.0,70.6665573120117
Netherlands,NLD,2023.0,140.839157104492
Norway,NOR,2023.0,116.642189025879
Nepal,NPL,2023.0,90.7214299008772
Nauru,NRU,2023.0,93.0666732788086
New Zealand,NZL,2023.0,117.271408081055
OECD members,OED,2023.0,106.005500793457
Pakistan,PAK,2023.0,39.5879695501278
Peru,PER,2023.0,113.164916992188
Philippines,PHL,2023.0,92.2052107888903
Palau,PLW,2023.0,97.6190476190476
Papua New Guinea,PNG,2023.0,48.1780291095574
Poland,POL,2023.0,107.910926818848
Pre-demographic dividend,PRE,2023.0,41.9789581298828
Puerto Rico (US),PRI,2023.0,112.479949951172
Portugal,PRT,2023.0,121.013473510742
Paraguay,PRY,2023.0,81.5245895544797
West Bank and Gaza,PSE,2023.0,92.1529721719084
Pacific island small states,PSS,2023.0,85.149528503418
Post-demographic dividend,PST,2023.0,103.374778747559
Qatar,QAT,2023.0,100.555801391602
Romania,ROU,2023.0,81.8756637573242
Russian Federation,RUS,2023.0,91.6148817164136
Rwanda,RWA,2023.0,48.7785157251447
South Asia,SAS,2023.0,78.5853118896484
Senegal,SEN,2023.0,50.2150531512901
Singapore,SGP,2023.0,102.676070813741
Sierra Leone,SLE,2023.0,91.7119293212891
El Salvador,SLV,2023.0,68.5344206950006
San Marino,SMR,2023.0,59.8075499629904
"Somalia, Fed. Rep.",SOM,2023.0,2.75847005844116
Sub-Saharan Africa (excluding high income),SSA,2023.0,44.2103118896484
Sub-Saharan Africa,SSF,2023.0,44.2121391296387
Small states,SST,2023.0,78.010009765625
Slovak Republic,SVK,2023.0,93.5071716308594
Slovenia,SVN,2023.0,108.57103729248
Sweden,SWE,2023.0,143.316436767578
Seychelles,SYC,2023.0,75.8835758835759
Syrian Arab Republic,SYR,2023.0,42.0292587280273
Turks and Caicos Islands,TCA,2023.0,101.720430107527
Chad,TCD,2023.0,19.2402040168684
East Asia & Pacific (IDA & IBRD countries),TEA,2023.0,91.7039489746094
Europe & Central Asia (IDA & IBRD countries),TEC,2023.0,96.8232421875
Togo,TGO,2023.0,59.0849653049812
Thailand,THA,2023.0,96.6361035696829
Tajikistan,TJK,2023.0,83.7874636593437
Latin America & the Caribbean (IDA & IBRD countries),TLA,2023.0,100.539413452148
Tonga,TON,2023.0,97.895246159429
South Asia (IDA & IBRD),TSA,2023.0,78.5853118896484
Sub-Saharan Africa (IDA & IBRD countries),TSS,2023.0,44.2121391296387
Trinidad and Tobago,TTO,2023.0,95.1876678466797
Turkiye,TUR,2023.0,116.872711181641
Tuvalu,TUV,2023.0,104.873949579832
Ukraine,UKR,2023.0,87.33740234375
Upper middle income,UMC,2023.0,97.1281433105469
Uruguay,URY,2023.0,125.241045093642
Uzbekistan,UZB,2023.0,97.0191649872622
St. Vincent and the Grenadines,VCT,2023.0,126.988335100742
"Venezuela, RB",VEN,2023.0,101.692710876465
British Virgin Islands,VGB,2023.0,67.6392572944297
Vanuatu,VUT,2023.0,134.925790252936
World,WLD,2023.0,76.9081802368164
South Africa,ZAF,2023.0,107.464974022043
Aruba,ABW,2024.0,128.74852420307
Africa Western and Central,AFW,2024.0,46.0673294067383
Albania,ALB,2024.0,106.71573638916
Andorra,AND,2024.0,101.475868225098
Arab World,ARB,2024.0,68.0927886962891
United Arab Emirates,ARE,2024.0,100.110276412248
Armenia,ARM,2024.0,90.1346954711088
Australia,AUS,2024.0,129.089096069336
Austria,AUT,2024.0,99.9565505981445
Azerbaijan,AZE,2024.0,89.60752233538
Burkina Faso,BFA,2024.0,33.2389182465594
Bangladesh,BGD,2024.0,70.4720309842244
Bulgaria,BGR,2024.0,93.8516082763672
Bahrain,BHR,2024.0,97.5734472078148
"Bahamas, The",BHS,2024.0,80.9443303948798
Belarus,BLR,2024.0,95.0767756373877
Belize,BLZ,2024.0,87.4232987312572
Bolivia,BOL,2024.0,90.2157592773438
Brazil,BRA,2024.0,105.251502990723
Barbados,BRB,2024.0,106.336565096953
Bhutan,BTN,2024.0,94.0369291275477
Central Europe and the Baltics,CEB,2024.0,99.3405303955078
Switzerland,CHE,2024.0,100.214630126953
Chile,CHL,2024.0,104.45320892334
Cote d'Ivoire,CIV,2024.0,64.4785040152839
Costa Rica,CRI,2024.0,126.321907043457
Caribbean small states,CSS,2024.0,87.1795120239258
Cuba,CUB,2024.0,92.6143549896492
Curacao,CUW,2024.0,94.2307662963867
Cayman Islands,CYM,2024.0,84.3549078439777
Cyprus,CYP,2024.0,106.717170715332
Germany,DEU,2024.0,97.7090530395508
Denmark,DNK,2024.0,124.96704864502
Dominican Republic,DOM,2024.0,80.5245385688015
Algeria,DZA,2024.0,106.533807793893
East Asia & Pacific (excluding high income),EAP,2024.0,91.4979476928711
Early-demographic dividend,EAR,2024.0,77.4464111328125
East Asia & Pacific,EAS,2024.0,92.4702835083008
Europe & Central Asia (excluding high income),ECA,2024.0,100.145317077637
Europe & Central Asia,ECS,2024.0,103.048332214355
"Egypt, Arab Rep.",EGY,2024.0,83.9216814420657
Euro area,EMU,2024.0,108.208801269531
Spain,ESP,2024.0,120.838081359863
Estonia,EST,2024.0,111.402633666992
European Union,EUU,2024.0,107.276863098145
Fragile and conflict affected situations,FCS,2024.0,44.4160385131836
Finland,FIN,2024.0,150.736312866211
Fiji,FJI,2024.0,99.1615984606398
France,FRA,2024.0,104.367149353027
Georgia,GEO,2024.0,97.8280378119792
Ghana,GHA,2024.0,76.4284133911133
Gibraltar,GIB,2024.0,80.2615203857422
Grenada,GRD,2024.0,101.705209063303
Guatemala,GTM,2024.0,50.4821609334209
Guyana,GUY,2024.0,91.9957253539941
High income,HIC,2024.0,103.079360961914
"Hong Kong SAR, China",HKG,2024.0,105.643880208333
Honduras,HND,2024.0,56.205606327767
Hungary,HUN,2024.0,106.523567199707
IBRD only,IBD,2024.0,88.5063400268555
IDA & IBRD total,IBT,2024.0,73.9897689819336
IDA total,IDA,2024.0,48.8147583007812
IDA blend,IDB,2024.0,50.6356391906738
Indonesia,IDN,2024.0,98.6691707526139
IDA only,IDX,2024.0,48.2256889343262
India,IND,2024.0,78.7182686071249
Israel,ISR,2024.0,98.6831588745117
Jamaica,JAM,2024.0,84.6436233520508
Jordan,JOR,2024.0,92.9268253048268
Kazakhstan,KAZ,2024.0,96.7445196567945
Kyrgyz Republic,KGZ,2024.0,92.5232415743903
Cambodia,KHM,2024.0,63.098667348683
Kiribati,KIR,2024.0,94.4197769165039
"Korea, Rep.",KOR,2024.0,95.8913192749023
Latin America & Caribbean (excluding high income),LAC,2024.0,100.766868591309
Lao PDR,LAO,2024.0,50.9977217073246
Lebanon,LBN,2024.0,67.5449829101562
St. Lucia,LCA,2024.0,91.621762558665
Latin America & Caribbean,LCN,2024.0,100.904640197754
Least developed countries: UN classification,LDC,2024.0,45.5513191223145
Lower middle income,LMC,2024.0,68.2359008789062
Low & middle income,LMY,2024.0,73.6635131835938
Late-demographic dividend,LTE,2024.0,94.8991470336914
Lithuania,LTU,2024.0,103.863700866699
Luxembourg,LUX,2024.0,109.880676269531
Latvia,LVA,2024.0,102.101348876953
"Macao SAR, China",MAC,2024.0,94.5308641975309
Morocco,MAR,2024.0,91.2537211746273
Monaco,MCO,2024.0,159.421646118164
Moldova,MDA,2024.0,99.3201300620751
"Middle East, North Africa, Afghanistan & Pakistan",MEA,2024.0,63.667781829834
Mexico,MEX,2024.0,109.978668212891
Marshall Islands,MHL,2024.0,91.2586144359811
Middle income,MIC,2024.0,79.569450378418
Mauritius,MUS,2024.0,93.3869460880397
Malaysia,MYS,2024.0,81.5357622372136
North America,NAC,2024.0,97.55322265625
Namibia,NAM,2024.0,86.3728889011327
Niger,NER,2024.0,19.5379934744263
Norway,NOR,2024.0,115.499160766602
Nepal,NPL,2024.0,90.8899312933145
Nauru,NRU,2024.0,92.8211595890451
New Zealand,NZL,2024.0,118.336837768555
OECD members,OED,2024.0,106.082550048828
Oman,OMN,2024.0,94.5394515991211
Pakistan,PAK,2024.0,46.4835415439493
Peru,PER,2024.0,108.98267364502
Philippines,PHL,2024.0,86.1154588164975
Palau,PLW,2024.0,94.839609483961
Poland,POL,2024.0,107.191352844238
Pre-demographic dividend,PRE,2024.0,42.2162017822266
Puerto Rico (US),PRI,2024.0,82.970628221555
Paraguay,PRY,2024.0,80.8023312507795
Pacific island small states,PSS,2024.0,84.8050689697266
Post-demographic dividend,PST,2024.0,103.405113220215
Qatar,QAT,2024.0,99.5586624145508
Rwanda,RWA,2024.0,53.3234802182678
South Asia,SAS,2024.0,78.1734237670898
Saudi Arabia,SAU,2024.0,110.795878250097
El Salvador,SLV,2024.0,61.1295384065253
San Marino,SMR,2024.0,59.5952023988006
Serbia,SRB,2024.0,88.5398788452148
Sub-Saharan Africa (excluding high income),SSA,2024.0,44.4859504699707
South Sudan,SSD,2024.0,110.429168701172
Sub-Saharan Africa,SSF,2024.0,44.4877815246582
Small states,SST,2024.0,79.3243103027344
Slovak Republic,SVK,2024.0,93.8056869506836
Sweden,SWE,2024.0,141.029846191406
Seychelles,SYC,2024.0,73.0632629394531
Syrian Arab Republic,SYR,2024.0,41.8100318908691
Turks and Caicos Islands,TCA,2024.0,112.647058823529
Chad,TCD,2024.0,19.4390107130432
East Asia & Pacific (IDA & IBRD countries),TEA,2024.0,91.4581985473633
Europe & Central Asia (IDA & IBRD countries),TEC,2024.0,97.7441177368164
Thailand,THA,2024.0,94.0628144371624
Tajikistan,TJK,2024.0,82.8936127916098
Turkmenistan,TKM,2024.0,94.7373803445767
Latin America & the Caribbean (IDA & IBRD countries),TLA,2024.0,100.964630126953
Tonga,TON,2024.0,96.0905349794239
South Asia (IDA & IBRD),TSA,2024.0,78.1734237670898
Sub-Saharan Africa (IDA & IBRD countries),TSS,2024.0,44.4877815246582
Trinidad and Tobago,TTO,2024.0,98.4770166223362
Tuvalu,TUV,2024.0,104.399323181049
Ukraine,UKR,2024.0,86.3840713500977
Upper middle income,UMC,2024.0,97.5216217041016
Uzbekistan,UZB,2024.0,96.4939184204858
St. Vincent and the Grenadines,VCT,2024.0,125.951193912359
"Venezuela, RB",VEN,2024.0,102.248580932617
British Virgin Islands,VGB,2024.0,73.7792587280273
World,WLD,2024.0,77.0922470092773
Zambia,ZMB,2024.0,59.0707702636719
